"CAINC1 Personal Income Summary: Personal Income, Population, Per Capita Personal Income"
"Population (Number of persons) 1/" 
"Bureau of Economic Analysis" 
"County"
"GeoFips","GeoName","2020"
"01001","Autauga, AL",56145
"01003","Baldwin, AL",229287
"01005","Barbour, AL",24589
"01007","Bibb, AL",22136
"01009","Blount, AL",57879
"01011","Bullock, AL",9976
"01013","Butler, AL",19504
"01015","Calhoun, AL",113469
"01017","Chambers, AL",32865
"01019","Cherokee, AL",26294
"01021","Chilton, AL",44397
"01023","Choctaw, AL",12418
"01025","Clarke, AL",23291
"01027","Clay, AL",13112
"01029","Cleburne, AL",14967
"01031","Coffee, AL",53230
"01033","Colbert, AL",55411
"01035","Conecuh, AL",11851
"01037","Coosa, AL",10650
"01039","Covington, AL",36930
"01041","Crenshaw, AL",13681
"01043","Cullman, AL",84515
"01045","Dale, AL",48959
"01047","Dallas, AL",36098
"01049","DeKalb, AL",71658
"01051","Elmore, AL",82158
"01053","Escambia, AL",36281
"01055","Etowah, AL",102371
"01057","Fayette, AL",16241
"01059","Franklin, AL",31507
"01061","Geneva, AL",26411
"01063","Greene, AL",7990
"01065","Hale, AL",14670
"01067","Henry, AL",17223
"01069","Houston, AL",106580
"01071","Jackson, AL",51582
"01073","Jefferson, AL",655342
"01075","Lamar, AL",13764
"01077","Lauderdale, AL",93368
"01079","Lawrence, AL",32857
"01081","Lee, AL",166831
"01083","Limestone, AL",102228
"01085","Lowndes, AL",9641
"01087","Macon, AL",17895
"01089","Madison, AL",379453
"01091","Marengo, AL",18733
"01093","Marion, AL",29703
"01095","Marshall, AL",96990
"01097","Mobile, AL",412716
"01099","Monroe, AL",20459
"01101","Montgomery, AL",224639
"01103","Morgan, AL",119883
"01105","Perry, AL",8687
"01107","Pickens, AL",19793
"01109","Pike, AL",32966
"01111","Randolph, AL",22920
"01113","Russell, AL",58237
"01115","St. Clair, AL",90739
"01117","Shelby, AL",221428
"01119","Sumter, AL",12225
"01121","Talladega, AL",79985
"01123","Tallapoosa, AL",40133
"01125","Tuscaloosa, AL",210758
"01127","Walker, AL",63143
"01129","Washington, AL",15976
"01131","Wilcox, AL",10206
"01133","Winston, AL",23508
"02010","Aleutian Islands Census Area, AK*","(NA)"
"02013","Aleutians East Borough, AK*",3401
"02016","Aleutians West Census Area, AK*",5680
"02020","Anchorage Municipality, AK",287095
"02050","Bethel Census Area, AK*",18437
"02060","Bristol Bay Borough, AK",788
"02063","Chugach Census Area, AK*",6427
"02066","Copper River Census Area, AK*",2919
"02068","Denali Borough, AK*",2081
"02070","Dillingham Census Area, AK*",4833
"02090","Fairbanks North Star Borough, AK",95651
"02100","Haines Borough, AK*",2614
"02105","Hoonah-Angoon Census Area, AK*",2141
"02110","Juneau City and Borough, AK",31849
"02122","Kenai Peninsula Borough, AK*",59414
"02130","Ketchikan Gateway Borough, AK*",13747
"02150","Kodiak Island Borough, AK",12992
"02158","Kusilvak Census Area, AK*",8328
"02164","Lake and Peninsula Borough, AK*",1493
"02170","Matanuska-Susitna Borough, AK",110213
"02180","Nome Census Area, AK",9909
"02185","North Slope Borough, AK*",9294
"02188","Northwest Arctic Borough, AK",7644
"02195","Petersburg Borough, AK*",3296
"02198","Prince of Wales-Hyder Census Area, AK*",6147
"02201","Prince of Wales-Outer Ketchikan Census Area, AK*","(NA)"
"02220","Sitka City and Borough, AK*",8405
"02230","Skagway Municipality, AK*",1179
"02231","Skagway-Yakutat-Angoon Census Area, AK*","(NA)"
"02232","Skagway-Hoonah-Angoon Census Area, AK*","(NA)"
"02240","Southeast Fairbanks Census Area, AK*",6957
"02261","Valdez-Cordova Census Area, AK*","(NA)"
"02275","Wrangell City and Borough, AK*",2510
"02280","Wrangell-Petersburg Census Area, AK*","(NA)"
"02282","Yakutat City and Borough, AK*",637
"02290","Yukon-Koyukuk Census Area, AK*",5077
"02901","Aleutian Islands Division, AK*","(NA)"
"02903","Angoon Division, AK*","(NA)"
"02904","Barrow-North Slope Division, AK*","(NA)"
"02905","Bethel Division, AK*","(NA)"
"02907","Bristol Bay Division, AK*","(NA)"
"02908","Cordova-McCarthy Division, AK*","(NA)"
"02910","Haines Division, AK*","(NA)"
"02912","Kenai-Cook Inlet Division, AK*","(NA)"
"02916","Kuskokwim Division, AK*","(NA)"
"02919","Outer Ketchikan Division, AK*","(NA)"
"02920","Prince of Wales Division, AK*","(NA)"
"02921","Seward Division, AK*","(NA)"
"02922","Sitka Division, AK*","(NA)"
"02923","Skagway-Yakutat Division, AK*","(NA)"
"02924","Southeast Fairbanks Division, AK*","(NA)"
"02925","Upper Yukon Division, AK*","(NA)"
"02926","Valdez-Chitina-Whittier Division, AK*","(NA)"
"02928","Wrangell-Petersburg Division, AK*","(NA)"
"02929","Yukon-Koyukuk Division, AK*","(NA)"
"04001","Apache, AZ",71875
"04003","Cochise, AZ",127450
"04005","Coconino, AZ",142481
"04007","Gila, AZ",54303
"04009","Graham, AZ",39211
"04011","Greenlee, AZ",9341
"04012","La Paz, AZ*",21480
"04013","Maricopa, AZ",4579081
"04015","Mohave, AZ",217206
"04017","Navajo, AZ",112112
"04019","Pima, AZ",1061175
"04021","Pinal, AZ",480828
"04023","Santa Cruz, AZ",46808
"04025","Yavapai, AZ",240226
"04027","Yuma, AZ*",217824
"05001","Arkansas, AR",17383
"05003","Ashley, AR",19339
"05005","Baxter, AR",42242
"05007","Benton, AR",288774
"05009","Boone, AR",37625
"05011","Bradley, AR",10639
"05013","Calhoun, AR",5113
"05015","Carroll, AR",28276
"05017","Chicot, AR",9924
"05019","Clark, AR",22103
"05021","Clay, AR",14375
"05023","Cleburne, AR",24935
"05025","Cleveland, AR",7957
"05027","Columbia, AR",23331
"05029","Conway, AR",21037
"05031","Craighead, AR",112245
"05033","Crawford, AR",63409
"05035","Crittenden, AR",47616
"05037","Cross, AR",16142
"05039","Dallas, AR",6802
"05041","Desha, AR",11110
"05043","Drew, AR",17977
"05045","Faulkner, AR",126919
"05047","Franklin, AR",17897
"05049","Fulton, AR",12381
"05051","Garland, AR",99789
"05053","Grant, AR",18449
"05055","Greene, AR",45597
"05057","Hempstead, AR",21253
"05059","Hot Spring, AR",33787
"05061","Howard, AR",13109
"05063","Independence, AR",37757
"05065","Izard, AR",13613
"05067","Jackson, AR",16636
"05069","Jefferson, AR",65377
"05071","Johnson, AR",26513
"05073","Lafayette, AR",6596
"05075","Lawrence, AR",16410
"05077","Lee, AR",8513
"05079","Lincoln, AR",12944
"05081","Little River, AR",12180
"05083","Logan, AR",21410
"05085","Lonoke, AR",73921
"05087","Madison, AR",16644
"05089","Marion, AR",16790
"05091","Miller, AR",43177
"05093","Mississippi, AR",40066
"05095","Monroe, AR",6584
"05097","Montgomery, AR",9006
"05099","Nevada, AR",8099
"05101","Newton, AR",7602
"05103","Ouachita, AR",23167
"05105","Perry, AR",10327
"05107","Phillips, AR",17299
"05109","Pike, AR",10643
"05111","Poinsett, AR",23283
"05113","Polk, AR",19707
"05115","Pope, AR",64334
"05117","Prairie, AR",7966
"05119","Pulaski, AR",392980
"05121","Randolph, AR",18247
"05123","St. Francis, AR",24682
"05125","Saline, AR",123968
"05127","Scott, AR",10164
"05129","Searcy, AR",7842
"05131","Sebastian, AR",127590
"05133","Sevier, AR",16702
"05135","Sharp, AR",17424
"05137","Stone, AR",12674
"05139","Union, AR",38219
"05141","Van Buren, AR",16541
"05143","Washington, AR",243216
"05145","White, AR",78729
"05147","Woodruff, AR",6264
"05149","Yell, AR",21181
"06001","Alameda, CA",1662323
"06003","Alpine, CA",1119
"06005","Amador, CA",40083
"06007","Butte, CA",212744
"06009","Calaveras, CA",46308
"06011","Colusa, CA",21558
"06013","Contra Costa, CA",1152333
"06015","Del Norte, CA",27968
"06017","El Dorado, CA",192925
"06019","Fresno, CA",1000918
"06021","Glenn, CA",28283
"06023","Humboldt, CA",134977
"06025","Imperial, CA",180267
"06027","Inyo, CA",18046
"06029","Kern, CA",901362
"06031","Kings, CA",152692
"06033","Lake, CA",64479
"06035","Lassen, CA",30016
"06037","Los Angeles, CA",9943046
"06039","Madera, CA",157761
"06041","Marin, CA",257332
"06043","Mariposa, CA",17160
"06045","Mendocino, CA",86061
"06047","Merced, CA",279252
"06049","Modoc, CA",8763
"06051","Mono, CA",14534
"06053","Monterey, CA",430906
"06055","Napa, CA",135965
"06057","Nevada, CA",99606
"06059","Orange, CA",3166857
"06061","Placer, CA",402950
"06063","Plumas, CA",18967
"06065","Riverside, CA",2489188
"06067","Sacramento, CA",1559146
"06069","San Benito, CA",64055
"06071","San Bernardino, CA",2189183
"06073","San Diego, CA",3332427
"06075","San Francisco, CA",866606
"06077","San Joaquin, CA",767967
"06079","San Luis Obispo, CA",282249
"06081","San Mateo, CA",758308
"06083","Santa Barbara, CA",444766
"06085","Santa Clara, CA",1907105
"06087","Santa Cruz, CA",269925
"06089","Shasta, CA",179027
"06091","Sierra, CA",2920
"06093","Siskiyou, CA",43245
"06095","Solano, CA",446935
"06097","Sonoma, CA",489819
"06099","Stanislaus, CA",550081
"06101","Sutter, CA",96385
"06103","Tehama, CA",64494
"06105","Trinity, CA",12216
"06107","Tulare, CA",468680
"06109","Tuolumne, CA",54515
"06111","Ventura, CA",841387
"06113","Yolo, CA",219728
"06115","Yuba, CA",80160
"08001","Adams, CO*",519883
"08003","Alamosa, CO",16180
"08005","Arapahoe, CO",657452
"08007","Archuleta, CO",14196
"08009","Baca, CO",3555
"08011","Bent, CO",5356
"08013","Boulder, CO*",327171
"08014","Broomfield, CO*",72236
"08015","Chaffee, CO",20661
"08017","Cheyenne, CO",1795
"08019","Clear Creek, CO",9586
"08021","Conejos, CO",8143
"08023","Costilla, CO",3921
"08025","Crowley, CO",5696
"08027","Custer, CO",5183
"08029","Delta, CO",31067
"08031","Denver, CO",735538
"08033","Dolores, CO",2096
"08035","Douglas, CO",360750
"08037","Eagle, CO",54929
"08039","Elbert, CO",27313
"08041","El Paso, CO",728310
"08043","Fremont, CO",47867
"08045","Garfield, CO",60366
"08047","Gilpin, CO",6235
"08049","Grand, CO",15794
"08051","Gunnison, CO",17593
"08053","Hinsdale, CO",808
"08055","Huerfano, CO",6883
"08057","Jackson, CO",1389
"08059","Jefferson, CO*",583283
"08061","Kiowa, CO",1458
"08063","Kit Carson, CO",7121
"08065","Lake, CO",7987
"08067","La Plata, CO",56564
"08069","Larimer, CO",360428
"08071","Las Animas, CO",14420
"08073","Lincoln, CO",5680
"08075","Logan, CO",21974
"08077","Mesa, CO",155603
"08079","Mineral, CO",773
"08081","Moffat, CO",13144
"08083","Montezuma, CO",26408
"08085","Montrose, CO",43322
"08087","Morgan, CO",28941
"08089","Otero, CO",18201
"08091","Ouray, CO",5001
"08093","Park, CO",18955
"08095","Phillips, CO",4367
"08097","Pitkin, CO",17894
"08099","Prowers, CO",12106
"08101","Pueblo, CO",169823
"08103","Rio Blanco, CO",6342
"08105","Rio Grande, CO",11296
"08107","Routt, CO",25560
"08109","Saguache, CO",6938
"08111","San Juan, CO",748
"08113","San Miguel, CO",8105
"08115","Sedgwick, CO",2260
"08117","Summit, CO",30631
"08119","Teller, CO",25529
"08121","Washington, CO",4875
"08123","Weld, CO*",333983
"08125","Yuma, CO",10047
"09001","Fairfield, CT",942426
"09003","Hartford, CT",889226
"09005","Litchfield, CT",179610
"09007","Middlesex, CT",161657
"09009","New Haven, CT",851948
"09011","New London, CT",264999
"09013","Tolland, CT",150600
"09015","Windham, CT",116540
"10001","Kent, DE",183643
"10003","New Castle, DE",561531
"10005","Sussex, DE",241635
"11001","District of Columbia, DC",712816
"12001","Alachua, FL",271218
"12003","Baker, FL",29566
"12005","Bay, FL",171322
"12007","Bradford, FL",28593
"12009","Brevard, FL",608459
"12011","Broward, FL",1958105
"12013","Calhoun, FL",14078
"12015","Charlotte, FL",194711
"12017","Citrus, FL",153010
"12019","Clay, FL",221770
"12021","Collier, FL",392973
"12023","Columbia, FL",72654
"12027","DeSoto, FL",38520
"12029","Dixie, FL",17057
"12031","Duval, FL",966728
"12033","Escambia, FL",322364
"12035","Flagler, FL",118451
"12037","Franklin, FL",12201
"12039","Gadsden, FL",45277
"12041","Gilchrist, FL",18885
"12043","Glades, FL",14198
"12045","Gulf, FL",13534
"12047","Hamilton, FL",14521
"12049","Hardee, FL",26822
"12051","Hendry, FL",42813
"12053","Hernando, FL",198792
"12055","Highlands, FL",106639
"12057","Hillsborough, FL",1497957
"12059","Holmes, FL",19594
"12061","Indian River, FL",162518
"12063","Jackson, FL",46085
"12065","Jefferson, FL",14543
"12067","Lafayette, FL",8482
"12069","Lake, FL",375492
"12071","Lee, FL",790767
"12073","Leon, FL",295460
"12075","Levy, FL",42214
"12077","Liberty, FL",8364
"12079","Madison, FL",18707
"12081","Manatee, FL",411219
"12083","Marion, FL",373513
"12085","Martin, FL",162088
"12086","Miami-Dade, FL",2707303
"12087","Monroe, FL",73900
"12089","Nassau, FL",91113
"12091","Okaloosa, FL",212820
"12093","Okeechobee, FL",42297
"12095","Orange, FL",1404396
"12097","Osceola, FL",385315
"12099","Palm Beach, FL",1507600
"12101","Pasco, FL",570412
"12103","Pinellas, FL",976802
"12105","Polk, FL",744552
"12107","Putnam, FL",74815
"12109","St. Johns, FL",278715
"12111","St. Lucie, FL",337186
"12113","Santa Rosa, FL",189139
"12115","Sarasota, FL",443465
"12117","Seminole, FL",474171
"12119","Sumter, FL",139018
"12121","Suwannee, FL",44851
"12123","Taylor, FL",21600
"12125","Union, FL",15182
"12127","Volusia, FL",561497
"12129","Wakulla, FL",34319
"12131","Walton, FL",76648
"12133","Washington, FL",25932
"13001","Appling, GA",18325
"13003","Atkinson, GA",8393
"13005","Bacon, GA",11036
"13007","Baker, GA",2971
"13009","Baldwin, GA",45099
"13011","Banks, GA",19352
"13013","Barrow, GA",85588
"13015","Bartow, GA",109426
"13017","Ben Hill, GA",16614
"13019","Berrien, GA",19408
"13021","Bibb, GA",152737
"13023","Bleckley, GA",12955
"13025","Brantley, GA",19202
"13027","Brooks, GA",15357
"13029","Bryan, GA",40755
"13031","Bulloch, GA",80839
"13033","Burke, GA",22648
"13035","Butts, GA",25426
"13037","Calhoun, GA",6231
"13039","Camden, GA",55388
"13043","Candler, GA",10985
"13045","Carroll, GA",121633
"13047","Catoosa, GA",67996
"13049","Charlton, GA",13430
"13051","Chatham, GA",289463
"13053","Chattahoochee, GA",10551
"13055","Chattooga, GA",24843
"13057","Cherokee, GA",265274
"13059","Clarke, GA",127795
"13061","Clay, GA",2866
"13063","Clayton, GA",292646
"13065","Clinch, GA",6582
"13067","Cobb, GA",762944
"13069","Coffee, GA",43218
"13071","Colquitt, GA",45542
"13073","Columbia, GA",160377
"13075","Cook, GA",17291
"13077","Coweta, GA",150849
"13079","Crawford, GA",12231
"13081","Crisp, GA",22034
"13083","Dade, GA",16057
"13085","Dawson, GA",27113
"13087","Decatur, GA",26457
"13089","DeKalb, GA",762009
"13091","Dodge, GA",20452
"13093","Dooly, GA",13174
"13095","Dougherty, GA",86477
"13097","Douglas, GA",147988
"13099","Early, GA",10037
"13101","Echols, GA",4002
"13103","Effingham, GA",65765
"13105","Elbert, GA",19335
"13107","Emanuel, GA",22507
"13109","Evans, GA",10638
"13111","Fannin, GA",26521
"13113","Fayette, GA",115821
"13115","Floyd, GA",98604
"13117","Forsyth, GA",250847
"13119","Franklin, GA",23504
"13121","Fulton, GA",1077402
"13123","Gilmer, GA",31978
"13125","Glascock, GA",2984
"13127","Glynn, GA",85568
"13129","Gordon, GA",58780
"13131","Grady, GA",24491
"13133","Greene, GA",18837
"13135","Gwinnett, GA",942627
"13137","Habersham, GA",46047
"13139","Hall, GA",206591
"13141","Hancock, GA",8494
"13143","Haralson, GA",30383
"13145","Harris, GA",36080
"13147","Hart, GA",26406
"13149","Heard, GA",11973
"13151","Henry, GA",239139
"13153","Houston, GA",160110
"13155","Irwin, GA",9387
"13157","Jackson, GA",76199
"13159","Jasper, GA",14483
"13161","Jeff Davis, GA",15213
"13163","Jefferson, GA",15267
"13165","Jenkins, GA",8746
"13167","Johnson, GA",9667
"13169","Jones, GA",28787
"13171","Lamar, GA",19261
"13173","Lanier, GA",10737
"13175","Laurens, GA",47512
"13177","Lee, GA",30234
"13179","Liberty, GA",63004
"13181","Lincoln, GA",8031
"13183","Long, GA",20171
"13185","Lowndes, GA",118268
"13187","Lumpkin, GA",34186
"13189","McDuffie, GA",21162
"13191","McIntosh, GA",14387
"13193","Macon, GA",12712
"13195","Madison, GA",30457
"13197","Marion, GA",8516
"13199","Meriwether, GA",21164
"13201","Miller, GA",5622
"13205","Mitchell, GA",21602
"13207","Monroe, GA",28042
"13209","Montgomery, GA",9012
"13211","Morgan, GA",19636
"13213","Murray, GA",40032
"13215","Muscogee, GA",196442
"13217","Newton, GA",113295
"13219","Oconee, GA",41124
"13221","Oglethorpe, GA",15383
"13223","Paulding, GA",173359
"13225","Peach, GA",27950
"13227","Pickens, GA",33127
"13229","Pierce, GA",19522
"13231","Pike, GA",19121
"13233","Polk, GA",42840
"13235","Pulaski, GA",11191
"13237","Putnam, GA",22520
"13239","Quitman, GA",2271
"13241","Rabun, GA",17273
"13243","Randolph, GA",6682
"13245","Richmond, GA",202079
"13247","Rockdale, GA",90939
"13249","Schley, GA",5196
"13251","Screven, GA",14012
"13253","Seminole, GA",8060
"13255","Spalding, GA",67414
"13257","Stephens, GA",26107
"13259","Stewart, GA",6689
"13261","Sumter, GA",29282
"13263","Talbot, GA",6143
"13265","Taliaferro, GA",1562
"13267","Tattnall, GA",25365
"13269","Taylor, GA",8074
"13271","Telfair, GA",15781
"13273","Terrell, GA",8523
"13275","Thomas, GA",44372
"13277","Tift, GA",40719
"13279","Toombs, GA",26973
"13281","Towns, GA",12247
"13283","Treutlen, GA",6822
"13285","Troup, GA",70214
"13287","Turner, GA",7882
"13289","Twiggs, GA",8103
"13291","Union, GA",25358
"13293","Upson, GA",26527
"13295","Walker, GA",70116
"13297","Walton, GA",96875
"13299","Ware, GA",35826
"13301","Warren, GA",5232
"13303","Washington, GA",20150
"13305","Wayne, GA",30023
"13307","Webster, GA",2595
"13309","Wheeler, GA",7751
"13311","White, GA",31094
"13313","Whitfield, GA",103837
"13315","Wilcox, GA",8502
"13317","Wilkes, GA",9694
"13319","Wilkinson, GA",8812
"13321","Worth, GA",19972
"15001","Hawaii, HI",203340
"15003","Honolulu, HI",963826
"15007","Kauai, HI",71851
"15901","Maui + Kalawao, HI*",167989
"16001","Ada, ID",494399
"16003","Adams, ID",4447
"16005","Bannock, ID",88795
"16007","Bear Lake, ID",6143
"16009","Benewah, ID",9430
"16011","Bingham, ID",47202
"16013","Blaine, ID",23426
"16015","Boise, ID",8065
"16017","Bonner, ID",46817
"16019","Bonneville, ID",122134
"16021","Boundary, ID",12656
"16023","Butte, ID",2646
"16025","Camas, ID",1130
"16027","Canyon, ID",237053
"16029","Caribou, ID",7123
"16031","Cassia, ID",24277
"16033","Clark, ID",852
"16035","Clearwater, ID",8846
"16037","Custer, ID",4249
"16039","Elmore, ID",27448
"16041","Franklin, ID",14215
"16043","Fremont (includes Yellowstone Park), ID",13218
"16045","Gem, ID",18703
"16047","Gooding, ID",15618
"16049","Idaho, ID",16823
"16051","Jefferson, ID",30581
"16053","Jerome, ID",24578
"16055","Kootenai, ID",170628
"16057","Latah, ID",40830
"16059","Lemhi, ID",8054
"16061","Lewis, ID",3838
"16063","Lincoln, ID",5358
"16065","Madison, ID",40318
"16067","Minidoka, ID",21216
"16069","Nez Perce, ID",40755
"16071","Oneida, ID",4520
"16073","Owyhee, ID",12133
"16075","Payette, ID",24771
"16077","Power, ID",7643
"16079","Shoshone, ID",12911
"16081","Teton, ID",12501
"16083","Twin Falls, ID",88411
"16085","Valley, ID",11792
"16087","Washington, ID",10360
"17001","Adams, IL",64783
"17003","Alexander, IL",5497
"17005","Bond, IL",16262
"17007","Boone, IL",52777
"17009","Brown, IL",6546
"17011","Bureau, IL",32303
"17013","Calhoun, IL",4616
"17015","Carroll, IL",14241
"17017","Cass, IL",11925
"17019","Champaign, IL",209192
"17021","Christian, IL",32075
"17023","Clark, IL",15268
"17025","Clay, IL",13079
"17027","Clinton, IL",37398
"17029","Coles, IL",50383
"17031","Cook, IL",5108284
"17033","Crawford, IL",18512
"17035","Cumberland, IL",10649
"17037","DeKalb, IL",104491
"17039","De Witt, IL",15368
"17041","Douglas, IL",19510
"17043","DuPage, IL",917481
"17045","Edgar, IL",16858
"17047","Edwards, IL",6356
"17049","Effingham, IL",34065
"17051","Fayette, IL",21264
"17053","Ford, IL",12949
"17055","Franklin, IL",38060
"17057","Fulton, IL",33690
"17059","Gallatin, IL",4793
"17061","Greene, IL",12702
"17063","Grundy, IL",50993
"17065","Hamilton, IL",8084
"17067","Hancock, IL",17422
"17069","Hardin, IL",3808
"17071","Henderson, IL",6535
"17073","Henry, IL",48411
"17075","Iroquois, IL",26711
"17077","Jackson, IL",56675
"17079","Jasper, IL",9465
"17081","Jefferson, IL",37235
"17083","Jersey, IL",21616
"17085","Jo Daviess, IL",21239
"17087","Johnson, IL",12358
"17089","Kane, IL",531010
"17091","Kankakee, IL",108594
"17093","Kendall, IL",130638
"17095","Knox, IL",49053
"17097","Lake, IL",693593
"17099","LaSalle, IL",107571
"17101","Lawrence, IL",15467
"17103","Lee, IL",33647
"17105","Livingston, IL",35414
"17107","Logan, IL",28383
"17109","McDonough, IL",29295
"17111","McHenry, IL",305888
"17113","McLean, IL",171256
"17115","Macon, IL",103015
"17117","Macoupin, IL",44567
"17119","Madison, IL",262635
"17121","Marion, IL",37045
"17123","Marshall, IL",11309
"17125","Mason, IL",13173
"17127","Massac, IL",13636
"17129","Menard, IL",12068
"17131","Mercer, IL",15225
"17133","Monroe, IL",34739
"17135","Montgomery, IL",28045
"17137","Morgan, IL",33400
"17139","Moultrie, IL",14347
"17141","Ogle, IL",50306
"17143","Peoria, IL",177652
"17145","Perry, IL",20664
"17147","Piatt, IL",16355
"17149","Pike, IL",15239
"17151","Pope, IL",4142
"17153","Pulaski, IL",5201
"17155","Putnam, IL",5716
"17157","Randolph, IL",31351
"17159","Richland, IL",15507
"17161","Rock Island, IL",140907
"17163","St. Clair, IL",258046
"17165","Saline, IL",23182
"17167","Sangamon, IL",193882
"17169","Schuyler, IL",6738
"17171","Scott, IL",4950
"17173","Shelby, IL",21299
"17175","Stark, IL",5262
"17177","Stephenson, IL",43831
"17179","Tazewell, IL",130777
"17181","Union, IL",16498
"17183","Vermilion, IL",74855
"17185","Wabash, IL",11190
"17187","Warren, IL",16696
"17189","Washington, IL",13764
"17191","Wayne, IL",16031
"17193","White, IL",13364
"17195","Whiteside, IL",54656
"17197","Will, IL",688726
"17199","Williamson, IL",66415
"17201","Winnebago, IL",281295
"17203","Woodford, IL",38091
"18001","Adams, IN",35839
"18003","Allen, IN",382187
"18005","Bartholomew, IN",84447
"18007","Benton, IN",8741
"18009","Blackford, IN",11782
"18011","Boone, IN",69347
"18013","Brown, IN",15112
"18015","Carroll, IN",20228
"18017","Cass, IN",37388
"18019","Clark, IN",119266
"18021","Clay, IN",26246
"18023","Clinton, IN",32206
"18025","Crawford, IN",10629
"18027","Daviess, IN",33505
"18029","Dearborn, IN",49824
"18031","Decatur, IN",26584
"18033","DeKalb, IN",43670
"18035","Delaware, IN",113454
"18037","Dubois, IN",42542
"18039","Elkhart, IN",206161
"18041","Fayette, IN",22892
"18043","Floyd, IN",78936
"18045","Fountain, IN",16511
"18047","Franklin, IN",22761
"18049","Fulton, IN",20018
"18051","Gibson, IN",33825
"18053","Grant, IN",65225
"18055","Greene, IN",32203
"18057","Hamilton, IN",344238
"18059","Hancock, IN",79553
"18061","Harrison, IN",40682
"18063","Hendricks, IN",173251
"18065","Henry, IN",48033
"18067","Howard, IN",82732
"18069","Huntington, IN",36395
"18071","Jackson, IN",44222
"18073","Jasper, IN",33440
"18075","Jay, IN",20416
"18077","Jefferson, IN",32110
"18079","Jennings, IN",27515
"18081","Johnson, IN",160607
"18083","Knox, IN",36522
"18085","Kosciusko, IN",78988
"18087","Lagrange, IN",40119
"18089","Lake, IN",487536
"18091","LaPorte, IN",109663
"18093","Lawrence, IN",45496
"18095","Madison, IN",129681
"18097","Marion, IN",966183
"18099","Marshall, IN",46108
"18101","Martin, IN",10079
"18103","Miami, IN",35328
"18105","Monroe, IN",148219
"18107","Montgomery, IN",38365
"18109","Morgan, IN",70707
"18111","Newton, IN",13907
"18113","Noble, IN",47832
"18115","Ohio, IN",5892
"18117","Orange, IN",19651
"18119","Owen, IN",20833
"18121","Parke, IN",16871
"18123","Perry, IN",19154
"18125","Pike, IN",12378
"18127","Porter, IN",170980
"18129","Posey, IN",25275
"18131","Pulaski, IN",12388
"18133","Putnam, IN",37469
"18135","Randolph, IN",24191
"18137","Ripley, IN",28448
"18139","Rush, IN",16649
"18141","St. Joseph, IN",271484
"18143","Scott, IN",23788
"18145","Shelby, IN",44871
"18147","Spencer, IN",20225
"18149","Starke, IN",23049
"18151","Steuben, IN",34831
"18153","Sullivan, IN",20578
"18155","Switzerland, IN",10724
"18157","Tippecanoe, IN",196115
"18159","Tipton, IN",15227
"18161","Union, IN",7119
"18163","Vanderburgh, IN",182447
"18165","Vermillion, IN",15329
"18167","Vigo, IN",106608
"18169","Wabash, IN",30784
"18171","Warren, IN",8194
"18173","Warrick, IN",63269
"18175","Washington, IN",28213
"18177","Wayne, IN",65778
"18179","Wells, IN",28142
"18181","White, IN",24165
"18183","Whitley, IN",34378
"19001","Adair, IA",7059
"19003","Adams, IA",3588
"19005","Allamakee, IA",13642
"19007","Appanoose, IA",12430
"19009","Audubon, IA",5481
"19011","Benton, IA",25414
"19013","Black Hawk, IA",130786
"19015","Boone, IA",26277
"19017","Bremer, IA",25311
"19019","Buchanan, IA",21287
"19021","Buena Vista, IA",19772
"19023","Butler, IA",14333
"19025","Calhoun, IA",9473
"19027","Carroll, IA",19914
"19029","Cass, IA",12817
"19031","Cedar, IA",18485
"19033","Cerro Gordo, IA",42103
"19035","Cherokee, IA",11190
"19037","Chickasaw, IA",11834
"19039","Clarke, IA",9353
"19041","Clay, IA",15976
"19043","Clayton, IA",17321
"19045","Clinton, IA",46392
"19047","Crawford, IA",16834
"19049","Dallas, IA",96963
"19051","Davis, IA",9051
"19053","Decatur, IA",7769
"19055","Delaware, IA",16937
"19057","Des Moines, IA",38708
"19059","Dickinson, IA",17549
"19061","Dubuque, IA",97590
"19063","Emmet, IA",9095
"19065","Fayette, IA",19258
"19067","Floyd, IA",15480
"19069","Franklin, IA",9971
"19071","Fremont, IA",6729
"19073","Greene, IA",8795
"19075","Grundy, IA",12217
"19077","Guthrie, IA",10737
"19079","Hamilton, IA",14716
"19081","Hancock, IA",10507
"19083","Hardin, IA",16575
"19085","Harrison, IA",13928
"19087","Henry, IA",19697
"19089","Howard, IA",9176
"19091","Humboldt, IA",9473
"19093","Ida, IA",6833
"19095","Iowa, IA",16138
"19097","Jackson, IA",19205
"19099","Jasper, IA",37148
"19101","Jefferson, IA",18347
"19103","Johnson, IA",153740
"19105","Jones, IA",20617
"19107","Keokuk, IA",10085
"19109","Kossuth, IA",14680
"19111","Lee, IA",33480
"19113","Linn, IA",227854
"19115","Louisa, IA",11011
"19117","Lucas, IA",8518
"19119","Lyon, IA",11756
"19121","Madison, IA",16521
"19123","Mahaska, IA",22370
"19125","Marion, IA",33168
"19127","Marshall, IA",39495
"19129","Mills, IA",14766
"19131","Mitchell, IA",10647
"19133","Monona, IA",8598
"19135","Monroe, IA",7770
"19137","Montgomery, IA",9935
"19139","Muscatine, IA",42394
"19141","O'Brien, IA",13679
"19143","Osceola, IA",5987
"19145","Page, IA",15073
"19147","Palo Alto, IA",8845
"19149","Plymouth, IA",25219
"19151","Pocahontas, IA",6607
"19153","Polk, IA",494281
"19155","Pottawattamie, IA",93328
"19157","Poweshiek, IA",18381
"19159","Ringgold, IA",4801
"19161","Sac, IA",9603
"19163","Scott, IA",173216
"19165","Shelby, IA",11430
"19167","Sioux, IA",35043
"19169","Story, IA",98237
"19171","Tama, IA",16801
"19173","Taylor, IA",6092
"19175","Union, IA",12157
"19177","Van Buren, IA",7069
"19179","Wapello, IA",34985
"19181","Warren, IA",52265
"19183","Washington, IA",21992
"19185","Wayne, IA",6415
"19187","Webster, IA",35934
"19189","Winnebago, IA",10277
"19191","Winneshiek, IA",19862
"19193","Woodbury, IA",103138
"19195","Worth, IA",7359
"19197","Wright, IA",12416
"20001","Allen, KS",12399
"20003","Anderson, KS",7949
"20005","Atchison, KS",16015
"20007","Barber, KS",4358
"20009","Barton, KS",25658
"20011","Bourbon, KS",14435
"20013","Brown, KS",9482
"20015","Butler, KS",66992
"20017","Chase, KS",2586
"20019","Chautauqua, KS",3230
"20021","Cherokee, KS",19681
"20023","Cheyenne, KS",2600
"20025","Clark, KS",1963
"20027","Clay, KS",8025
"20029","Cloud, KS",8642
"20031","Coffey, KS",8158
"20033","Comanche, KS",1690
"20035","Cowley, KS",34628
"20037","Crawford, KS",38730
"20039","Decatur, KS",2776
"20041","Dickinson, KS",18266
"20043","Doniphan, KS",7496
"20045","Douglas, KS",122530
"20047","Edwards, KS",2750
"20049","Elk, KS",2507
"20051","Ellis, KS",28671
"20053","Ellsworth, KS",6034
"20055","Finney, KS",35917
"20057","Ford, KS",33094
"20059","Franklin, KS",25703
"20061","Geary, KS",32218
"20063","Gove, KS",2621
"20065","Graham, KS",2389
"20067","Grant, KS",7077
"20069","Gray, KS",5954
"20071","Greeley, KS",1196
"20073","Greenwood, KS",5868
"20075","Hamilton, KS",2425
"20077","Harper, KS",5336
"20079","Harvey, KS",34291
"20081","Haskell, KS",3923
"20083","Hodgeman, KS",1779
"20085","Jackson, KS",13171
"20087","Jefferson, KS",19032
"20089","Jewell, KS",2833
"20091","Johnson, KS",607220
"20093","Kearny, KS",3745
"20095","Kingman, KS",6974
"20097","Kiowa, KS",2456
"20099","Labette, KS",19586
"20101","Lane, KS",1518
"20103","Leavenworth, KS",82246
"20105","Lincoln, KS",2986
"20107","Linn, KS",9654
"20109","Logan, KS",2732
"20111","Lyon, KS",33045
"20113","McPherson, KS",28448
"20115","Marion, KS",11652
"20117","Marshall, KS",9652
"20119","Meade, KS",4029
"20121","Miami, KS",34334
"20123","Mitchell, KS",5879
"20125","Montgomery, KS",31502
"20127","Morris, KS",5559
"20129","Morton, KS",2538
"20131","Nemaha, KS",10121
"20133","Neosho, KS",15929
"20135","Ness, KS",2768
"20137","Norton, KS",5328
"20139","Osage, KS",15770
"20141","Osborne, KS",3439
"20143","Ottawa, KS",5712
"20145","Pawnee, KS",6366
"20147","Phillips, KS",5181
"20149","Pottawatomie, KS",24722
"20151","Pratt, KS",9127
"20153","Rawlins, KS",2511
"20155","Reno, KS",61793
"20157","Republic, KS",4536
"20159","Rice, KS",9362
"20161","Riley, KS",73202
"20163","Rooks, KS",4827
"20165","Rush, KS",2947
"20167","Russell, KS",6804
"20169","Saline, KS",53926
"20171","Scott, KS",4790
"20173","Sedgwick, KS",519907
"20175","Seward, KS",21038
"20177","Shawnee, KS",175999
"20179","Sheridan, KS",2520
"20181","Sherman, KS",5777
"20183","Smith, KS",3544
"20185","Stafford, KS",4046
"20187","Stanton, KS",1969
"20189","Stevens, KS",5388
"20191","Sumner, KS",22578
"20193","Thomas, KS",7702
"20195","Trego, KS",2758
"20197","Wabaunsee, KS",6906
"20199","Wallace, KS",1536
"20201","Washington, KS",5427
"20203","Wichita, KS",2074
"20205","Wilson, KS",8362
"20207","Woodson, KS",3015
"20209","Wyandotte, KS",165265
"21001","Adair, KY",19555
"21003","Allen, KY",21303
"21005","Anderson, KY",22833
"21007","Ballard, KY",7769
"21009","Barren, KY",44300
"21011","Bath, KY",12481
"21013","Bell, KY",25482
"21015","Boone, KY",135396
"21017","Bourbon, KY",19901
"21019","Boyd, KY",46516
"21021","Boyle, KY",30367
"21023","Bracken, KY",8286
"21025","Breathitt, KY",12550
"21027","Breckinridge, KY",20537
"21029","Bullitt, KY",82182
"21031","Butler, KY",12703
"21033","Caldwell, KY",12687
"21035","Calloway, KY",39300
"21037","Campbell, KY",94020
"21039","Carlisle, KY",4692
"21041","Carroll, KY",10730
"21043","Carter, KY",26542
"21045","Casey, KY",16066
"21047","Christian, KY",71478
"21049","Clark, KY",36463
"21051","Clay, KY",19631
"21053","Clinton, KY",10110
"21055","Crittenden, KY",8847
"21057","Cumberland, KY",6523
"21059","Daviess, KY",101978
"21061","Edmonson, KY",12235
"21063","Elliott, KY",7372
"21065","Estill, KY",14109
"21067","Fayette, KY",324735
"21069","Fleming, KY",14603
"21071","Floyd, KY",34974
"21073","Franklin, KY",51118
"21075","Fulton, KY",5952
"21077","Gallatin, KY",8779
"21079","Garrard, KY",17719
"21081","Grant, KY",25387
"21083","Graves, KY",36818
"21085","Grayson, KY",26480
"21087","Green, KY",10995
"21089","Greenup, KY",34865
"21091","Hancock, KY",8742
"21093","Hardin, KY",111309
"21095","Harlan, KY",25566
"21097","Harrison, KY",18920
"21099","Hart, KY",19013
"21101","Henderson, KY",44740
"21103","Henry, KY",16067
"21105","Hickman, KY",4364
"21107","Hopkins, KY",44662
"21109","Jackson, KY",13340
"21111","Jefferson, KY",767452
"21113","Jessamine, KY",54057
"21115","Johnson, KY",22002
"21117","Kenton, KY",167949
"21119","Knott, KY",14512
"21121","Knox, KY",31022
"21123","Larue, KY",14431
"21125","Laurel, KY",61238
"21127","Lawrence, KY",15436
"21129","Lee, KY",7268
"21131","Leslie, KY",9637
"21133","Letcher, KY",21213
"21135","Lewis, KY",13262
"21137","Lincoln, KY",24466
"21139","Livingston, KY",9041
"21141","Logan, KY",27416
"21143","Lyon, KY",8133
"21145","McCracken, KY",65644
"21147","McCreary, KY",17071
"21149","McLean, KY",9075
"21151","Madison, KY",94265
"21153","Magoffin, KY",12017
"21155","Marion, KY",19314
"21157","Marshall, KY",31163
"21159","Martin, KY",11031
"21161","Mason, KY",17035
"21163","Meade, KY",28616
"21165","Menifee, KY",6502
"21167","Mercer, KY",21889
"21169","Metcalfe, KY",10058
"21171","Monroe, KY",10549
"21173","Montgomery, KY",28186
"21175","Morgan, KY",13142
"21177","Muhlenberg, KY",30457
"21179","Nelson, KY",46450
"21181","Nicholas, KY",7234
"21183","Ohio, KY",23899
"21185","Oldham, KY",66999
"21187","Owen, KY",11017
"21189","Owsley, KY",4331
"21191","Pendleton, KY",14586
"21193","Perry, KY",25456
"21195","Pike, KY",57057
"21197","Powell, KY",12218
"21199","Pulaski, KY",65530
"21201","Robertson, KY",2136
"21203","Rockcastle, KY",16750
"21205","Rowan, KY",24682
"21207","Russell, KY",17998
"21209","Scott, KY",58470
"21211","Shelby, KY",49611
"21213","Simpson, KY",18635
"21215","Spencer, KY",19585
"21217","Taylor, KY",25707
"21219","Todd, KY",12448
"21221","Trigg, KY",14776
"21223","Trimble, KY",8481
"21225","Union, KY",14443
"21227","Warren, KY",134510
"21229","Washington, KY",12147
"21231","Wayne, KY",20209
"21233","Webster, KY",12923
"21235","Whitley, KY",36451
"21237","Wolfe, KY",7106
"21239","Woodford, KY",26765
"22001","Acadia, LA",61918
"22003","Allen, LA",25440
"22005","Ascension, LA",128665
"22007","Assumption, LA",21621
"22009","Avoyelles, LA",39966
"22011","Beauregard, LA",37881
"22013","Bienville, LA",12983
"22015","Bossier, LA",127275
"22017","Caddo, LA",237479
"22019","Calcasieu, LA",203310
"22021","Caldwell, LA",9839
"22023","Cameron, LA",7003
"22025","Catahoula, LA",9226
"22027","Claiborne, LA",15508
"22029","Concordia, LA",18914
"22031","De Soto, LA",27650
"22033","East Baton Rouge, LA",439729
"22035","East Carroll, LA",6589
"22037","East Feliciana, LA",18882
"22039","Evangeline, LA",33276
"22041","Franklin, LA",19723
"22043","Grant, LA",22254
"22045","Iberia, LA",68991
"22047","Iberville, LA",32070
"22049","Jackson, LA",15574
"22051","Jefferson, LA",432346
"22053","Jefferson Davis, LA",31208
"22055","Lafayette, LA",246518
"22057","Lafourche, LA",97596
"22059","LaSalle, LA",15021
"22061","Lincoln, LA",46552
"22063","Livingston, LA",143737
"22065","Madison, LA",10635
"22067","Morehouse, LA",24227
"22069","Natchitoches, LA",37655
"22071","Orleans, LA",389476
"22073","Ouachita, LA",152439
"22075","Plaquemines, LA",23113
"22077","Pointe Coupee, LA",21529
"22079","Rapides, LA",128567
"22081","Red River, LA",8286
"22083","Richland, LA",20014
"22085","Sabine, LA",23803
"22087","St. Bernard, LA",47647
"22089","St. Charles, LA",52987
"22091","St. Helena, LA",10081
"22093","St. James, LA",20727
"22095","St. John the Baptist, LA",42516
"22097","St. Landry, LA",81440
"22099","St. Martin, LA",52954
"22101","St. Mary, LA",48330
"22103","St. Tammany, LA",263446
"22105","Tangipahoa, LA",136765
"22107","Tensas, LA",4178
"22109","Terrebonne, LA",109859
"22111","Union, LA",22170
"22113","Vermilion, LA",59378
"22115","Vernon, LA",47894
"22117","Washington, LA",45773
"22119","Webster, LA",37943
"22121","West Baton Rouge, LA",26792
"22123","West Carroll, LA",10646
"22125","West Feliciana, LA",15465
"22127","Winn, LA",13839
"23001","Androscoggin, ME",108547
"23003","Aroostook, ME",66804
"23005","Cumberland, ME",298111
"23007","Franklin, ME",29986
"23009","Hancock, ME",55088
"23011","Kennebec, ME",122955
"23013","Knox, ME",39951
"23015","Lincoln, ME",34775
"23017","Oxford, ME",58132
"23019","Penobscot, ME",151655
"23021","Piscataquis, ME",16996
"23023","Sagadahoc, ME",36044
"23025","Somerset, ME",50635
"23027","Waldo, ME",39923
"23029","Washington, ME",31473
"23031","York, ME",209066
"24001","Allegany, MD",70057
"24003","Anne Arundel, MD",582777
"24005","Baltimore, MD",826017
"24009","Calvert, MD",93072
"24011","Caroline, MD",33492
"24013","Carroll, MD",169092
"24015","Cecil, MD",103419
"24017","Charles, MD",164436
"24019","Dorchester, MD",31853
"24021","Frederick, MD",265161
"24023","Garrett, MD",28852
"24025","Harford, MD",256805
"24027","Howard, MD",328200
"24029","Kent, MD",19192
"24031","Montgomery, MD",1051816
"24033","Prince George's, MD",909612
"24035","Queen Anne's, MD",51167
"24037","St. Mary's, MD",114687
"24039","Somerset, MD",25453
"24041","Talbot, MD",36972
"24043","Washington, MD",151146
"24045","Wicomico, MD",103990
"24047","Worcester, MD",52403
"24510","Baltimore (Independent City), MD",586131
"25001","Barnstable, MA",213164
"25003","Berkshire, MA",124571
"25005","Bristol, MA",566765
"25007","Dukes, MA",17461
"25009","Essex, MA",791263
"25011","Franklin, MA",70267
"25013","Hampden, MA",463986
"25015","Hampshire, MA",161401
"25017","Middlesex, MA",1609379
"25019","Nantucket, MA",11376
"25021","Norfolk, MA",709409
"25023","Plymouth, MA",523738
"25025","Suffolk, MA",801582
"25027","Worcester, MA",829212
"26001","Alcona, MI",10505
"26003","Alger, MI",9015
"26005","Allegan, MI",118927
"26007","Alpena, MI",28238
"26009","Antrim, MI",23449
"26011","Arenac, MI",14953
"26013","Baraga, MI",8164
"26015","Barry, MI",62061
"26017","Bay, MI",102387
"26019","Benzie, MI",17852
"26021","Berrien, MI",153025
"26023","Branch, MI",43424
"26025","Calhoun, MI",133580
"26027","Cass, MI",51584
"26029","Charlevoix, MI",26105
"26031","Cheboygan, MI",25365
"26033","Chippewa, MI",36958
"26035","Clare, MI",30771
"26037","Clinton, MI",79753
"26039","Crawford, MI",13981
"26041","Delta, MI",35612
"26043","Dickinson, MI",25112
"26045","Eaton, MI",110148
"26047","Emmet, MI",33342
"26049","Genesee, MI",404794
"26051","Gladwin, MI",25424
"26053","Gogebic, MI",13842
"26055","Grand Traverse, MI",93592
"26057","Gratiot, MI",40283
"26059","Hillsdale, MI",45658
"26061","Houghton, MI",35126
"26063","Huron, MI",30653
"26065","Ingham, MI",290609
"26067","Ionia, MI",64553
"26069","Iosco, MI",25140
"26071","Iron, MI",11066
"26073","Isabella, MI",69504
"26075","Jackson, MI",156920
"26077","Kalamazoo, MI",265988
"26079","Kalkaska, MI",18003
"26081","Kent, MI",658708
"26083","Keweenaw, MI",2119
"26085","Lake, MI",11587
"26087","Lapeer, MI",87635
"26089","Leelanau, MI",21743
"26091","Lenawee, MI",97808
"26093","Livingston, MI",192335
"26095","Luce, MI",6126
"26097","Mackinac, MI",10839
"26099","Macomb, MI",870791
"26101","Manistee, MI",24738
"26103","Marquette, MI",65834
"26105","Mason, MI",29164
"26107","Mecosta, MI",43907
"26109","Menominee, MI",22608
"26111","Midland, MI",83441
"26113","Missaukee, MI",15152
"26115","Monroe, MI",150568
"26117","Montcalm, MI",63476
"26119","Montmorency, MI",9337
"26121","Muskegon, MI",173883
"26123","Newaygo, MI",49348
"26125","Oakland, MI",1253459
"26127","Oceana, MI",26819
"26129","Ogemaw, MI",20923
"26131","Ontonagon, MI",5656
"26133","Osceola, MI",23466
"26135","Oscoda, MI",8368
"26137","Otsego, MI",24765
"26139","Ottawa, MI",294635
"26141","Presque Isle, MI",12665
"26143","Roscommon, MI",23986
"26145","Saginaw, MI",189868
"26147","St. Clair, MI",159293
"26149","St. Joseph, MI",60848
"26151","Sanilac, MI",40747
"26153","Schoolcraft, MI",8104
"26155","Shiawassee, MI",67738
"26157","Tuscola, MI",52289
"26159","Van Buren, MI",75474
"26161","Washtenaw, MI",366473
"26163","Wayne, MI",1740623
"26165","Wexford, MI",33743
"27001","Aitkin, MN",15848
"27003","Anoka, MN",359921
"27005","Becker, MN",34456
"27007","Beltrami, MN",47442
"27009","Benton, MN",40958
"27011","Big Stone, MN",4923
"27013","Blue Earth, MN",68241
"27015","Brown, MN",24846
"27017","Carlton, MN",35769
"27019","Carver, MN",106565
"27021","Cass, MN",29928
"27023","Chippewa, MN",11758
"27025","Chisago, MN",56794
"27027","Clay, MN",64690
"27029","Clearwater, MN",9017
"27031","Cook, MN",5417
"27033","Cottonwood, MN",11242
"27035","Crow Wing, MN",65644
"27037","Dakota, MN",431807
"27039","Dodge, MN",20987
"27041","Douglas, MN",38328
"27043","Faribault, MN",13601
"27045","Fillmore, MN",21135
"27047","Freeborn, MN",30364
"27049","Goodhue, MN",46318
"27051","Grant, MN",6026
"27053","Hennepin, MN",1268408
"27055","Houston, MN",18632
"27057","Hubbard, MN",21783
"27059","Isanti, MN",41429
"27061","Itasca, MN",45268
"27063","Jackson, MN",9768
"27065","Kanabec, MN",16416
"27067","Kandiyohi, MN",43130
"27069","Kittson, MN",4214
"27071","Koochiching, MN",12059
"27073","Lac qui Parle, MN",6527
"27075","Lake, MN",10639
"27077","Lake of the Woods, MN",3754
"27079","Le Sueur, MN",28741
"27081","Lincoln, MN",5568
"27083","Lyon, MN",25271
"27085","McLeod, MN",35710
"27087","Mahnomen, MN",5473
"27089","Marshall, MN",9321
"27091","Martin, MN",19484
"27093","Meeker, MN",23341
"27095","Mille Lacs, MN",26146
"27097","Morrison, MN",33187
"27099","Mower, MN",40150
"27101","Murray, MN",8155
"27103","Nicollet, MN",34482
"27105","Nobles, MN",21400
"27107","Norman, MN",6338
"27109","Olmsted, MN",159298
"27111","Otter Tail, MN",58741
"27113","Pennington, MN",13874
"27115","Pine, MN",29359
"27117","Pipestone, MN",9121
"27119","Polk, MN",30900
"27121","Pope, MN",11277
"27123","Ramsey, MN",547903
"27125","Red Lake, MN",4046
"27127","Redwood, MN",15079
"27129","Renville, MN",14403
"27131","Rice, MN",67084
"27133","Rock, MN",9301
"27135","Roseau, MN",15117
"27137","St. Louis, MN",198538
"27139","Scott, MN",150689
"27141","Sherburne, MN",98811
"27143","Sibley, MN",14715
"27145","Stearns, MN",162038
"27147","Steele, MN",36596
"27149","Stevens, MN",9765
"27151","Swift, MN",9176
"27153","Todd, MN",24732
"27155","Traverse, MN",3218
"27157","Wabasha, MN",21642
"27159","Wadena, MN",13807
"27161","Waseca, MN",18550
"27163","Washington, MN",265476
"27165","Watonwan, MN",10792
"27167","Wilkin, MN",6161
"27169","Winona, MN",50485
"27171","Wright, MN",140249
"27173","Yellow Medicine, MN",9580
"28001","Adams, MS",30275
"28003","Alcorn, MS",36889
"28005","Amite, MS",12205
"28007","Attala, MS",18004
"28009","Benton, MS",8351
"28011","Bolivar, MS",30142
"28013","Calhoun, MS",14241
"28015","Carroll, MS",9732
"28017","Chickasaw, MS",16951
"28019","Choctaw, MS",8063
"28021","Claiborne, MS",8911
"28023","Clarke, MS",15299
"28025","Clay, MS",19352
"28027","Coahoma, MS",21564
"28029","Copiah, MS",27933
"28031","Covington, MS",18518
"28033","DeSoto, MS",188275
"28035","Forrest, MS",75009
"28037","Franklin, MS",7657
"28039","George, MS",24425
"28041","Greene, MS",13477
"28043","Grenada, MS",20610
"28045","Hancock, MS",48000
"28047","Harrison, MS",208801
"28049","Hinds, MS",227966
"28051","Holmes, MS",16726
"28053","Humphreys, MS",7827
"28055","Issaquena, MS",1220
"28057","Itawamba, MS",23261
"28059","Jackson, MS",143802
"28061","Jasper, MS",16332
"28063","Jefferson, MS",6997
"28065","Jefferson Davis, MS",10890
"28067","Jones, MS",67993
"28069","Kemper, MS",9521
"28071","Lafayette, MS",54408
"28073","Lamar, MS",64165
"28075","Lauderdale, MS",73751
"28077","Lawrence, MS",12480
"28079","Leake, MS",22741
"28081","Lee, MS",85466
"28083","Leflore, MS",27854
"28085","Lincoln, MS",33936
"28087","Lowndes, MS",58309
"28089","Madison, MS",106871
"28091","Marion, MS",24441
"28093","Marshall, MS",35301
"28095","Monroe, MS",35123
"28097","Montgomery, MS",9661
"28099","Neshoba, MS",28996
"28101","Newton, MS",20866
"28103","Noxubee, MS",10236
"28105","Oktibbeha, MS",49789
"28107","Panola, MS",33848
"28109","Pearl River, MS",55876
"28111","Perry, MS",11862
"28113","Pike, MS",38997
"28115","Pontotoc, MS",32461
"28117","Prentiss, MS",25013
"28119","Quitman, MS",6760
"28121","Rankin, MS",155975
"28123","Scott, MS",28061
"28125","Sharkey, MS",4160
"28127","Simpson, MS",26629
"28129","Smith, MS",15779
"28131","Stone, MS",18360
"28133","Sunflower, MS",24740
"28135","Tallahatchie, MS",13707
"28137","Tate, MS",28539
"28139","Tippah, MS",21748
"28141","Tishomingo, MS",19275
"28143","Tunica, MS",9392
"28145","Union, MS",28866
"28147","Walthall, MS",14294
"28149","Warren, MS",44841
"28151","Washington, MS",42837
"28153","Wayne, MS",20317
"28155","Webster, MS",9676
"28157","Wilkinson, MS",8351
"28159","Winston, MS",17845
"28161","Yalobusha, MS",11982
"28163","Yazoo, MS",26982
"29001","Adair, MO",25399
"29003","Andrew, MO",17586
"29005","Atchison, MO",5096
"29007","Audrain, MO",24835
"29009","Barry, MO",35818
"29011","Barton, MO",11592
"29013","Bates, MO",16242
"29015","Benton, MO",19627
"29017","Bollinger, MO",12111
"29019","Boone, MO",182991
"29021","Buchanan, MO",86530
"29023","Butler, MO",42178
"29025","Caldwell, MO",9051
"29027","Callaway, MO",44887
"29029","Camden, MO",46414
"29031","Cape Girardeau, MO",79512
"29033","Carroll, MO",8554
"29035","Carter, MO",5991
"29037","Cass, MO",106806
"29039","Cedar, MO",14322
"29041","Chariton, MO",7360
"29043","Christian, MO",90655
"29045","Clark, MO",6830
"29047","Clay, MO",253463
"29049","Clinton, MO",20553
"29051","Cole, MO",76191
"29053","Cooper, MO",17102
"29055","Crawford, MO",23739
"29057","Dade, MO",7568
"29059","Dallas, MO",17219
"29061","Daviess, MO",8283
"29063","DeKalb, MO",10944
"29065","Dent, MO",15481
"29067","Douglas, MO",13344
"29069","Dunklin, MO",28878
"29071","Franklin, MO",104469
"29073","Gasconade, MO",14566
"29075","Gentry, MO",6484
"29077","Greene, MO",294997
"29079","Grundy, MO",9595
"29081","Harrison, MO",8321
"29083","Henry, MO",22076
"29085","Hickory, MO",9586
"29087","Holt, MO",4232
"29089","Howard, MO",10001
"29091","Howell, MO",40262
"29093","Iron, MO",10098
"29095","Jackson, MO",705925
"29097","Jasper, MO",121648
"29099","Jefferson, MO",226543
"29101","Johnson, MO",54219
"29103","Knox, MO",3940
"29105","Laclede, MO",35895
"29107","Lafayette, MO",33006
"29109","Lawrence, MO",38175
"29111","Lewis, MO",9810
"29113","Lincoln, MO",60119
"29115","Linn, MO",11830
"29117","Livingston, MO",14413
"29119","McDonald, MO",22900
"29121","Macon, MO",15095
"29123","Madison, MO",12113
"29125","Maries, MO",8795
"29127","Marion, MO",28423
"29129","Mercer, MO",3558
"29131","Miller, MO",25791
"29133","Mississippi, MO",12691
"29135","Moniteau, MO",15585
"29137","Monroe, MO",8672
"29139","Montgomery, MO",11294
"29141","Morgan, MO",20716
"29143","New Madrid, MO",16693
"29145","Newton, MO",58451
"29147","Nodaway, MO",21743
"29149","Oregon, MO",10411
"29151","Osage, MO",13535
"29153","Ozark, MO",9083
"29155","Pemiscot, MO",15600
"29157","Perry, MO",19194
"29159","Pettis, MO",42490
"29161","Phelps, MO",44414
"29163","Pike, MO",17552
"29165","Platte, MO",106532
"29167","Polk, MO",32490
"29169","Pulaski, MO",52709
"29171","Putnam, MO",4688
"29173","Ralls, MO",10299
"29175","Randolph, MO",24409
"29177","Ray, MO",22915
"29179","Reynolds, MO",6198
"29181","Ripley, MO",13300
"29183","St. Charles, MO",406204
"29185","St. Clair, MO",9689
"29186","Ste. Genevieve, MO",17924
"29187","St. Francois, MO",66485
"29189","St. Louis, MO",994020
"29195","Saline, MO",22858
"29197","Schuyler, MO",4534
"29199","Scotland, MO",4871
"29201","Scott, MO",38288
"29203","Shannon, MO",8203
"29205","Shelby, MO",5919
"29207","Stoddard, MO",29001
"29209","Stone, MO",32465
"29211","Sullivan, MO",6033
"29213","Taney, MO",56104
"29215","Texas, MO",25112
"29217","Vernon, MO",20388
"29219","Warren, MO",36594
"29221","Washington, MO",24604
"29223","Wayne, MO",12769
"29225","Webster, MO",39859
"29227","Worth, MO",1953
"29229","Wright, MO",18325
"29510","St. Louis (Independent City), MO",297645
"30001","Beaverhead, MT",9483
"30003","Big Horn, MT",13063
"30005","Blaine, MT",6568
"30007","Broadwater, MT",6444
"30009","Carbon, MT",10921
"30011","Carter, MT",1235
"30013","Cascade, MT",81346
"30015","Chouteau, MT",5699
"30017","Custer, MT",11292
"30019","Daniels, MT",1638
"30021","Dawson, MT",8555
"30023","Deer Lodge, MT",9204
"30025","Fallon, MT",2826
"30027","Fergus, MT",11104
"30029","Flathead, MT",105851
"30031","Gallatin, MT",116806
"30033","Garfield, MT",1268
"30035","Glacier, MT",13594
"30037","Golden Valley, MT",827
"30039","Granite, MT",3317
"30041","Hill, MT",16358
"30043","Jefferson, MT",12360
"30045","Judith Basin, MT",1994
"30047","Lake, MT",30986
"30049","Lewis and Clark, MT",70229
"30051","Liberty, MT",2369
"30053","Lincoln, MT",20343
"30055","McCone, MT",1648
"30057","Madison, MT",8959
"30059","Meagher, MT",1831
"30061","Mineral, MT",4544
"30063","Missoula, MT",121630
"30065","Musselshell, MT",4669
"30067","Park, MT",16760
"30069","Petroleum, MT",500
"30071","Phillips, MT",3919
"30073","Pondera, MT",5782
"30075","Powder River, MT",1681
"30077","Powell, MT",6817
"30079","Prairie, MT",1067
"30081","Ravalli, MT",45002
"30083","Richland, MT",11043
"30085","Roosevelt, MT",10964
"30087","Rosebud, MT",8836
"30089","Sanders, MT",12157
"30091","Sheridan, MT",3261
"30093","Silver Bow, MT",35180
"30095","Stillwater, MT",9888
"30097","Sweet Grass, MT",3684
"30099","Teton, MT",6249
"30101","Toole, MT",4686
"30103","Treasure, MT",695
"30105","Valley, MT",7359
"30107","Wheatland, MT",2157
"30109","Wibaux, MT",939
"30111","Yellowstone, MT",162990
"31001","Adams, NE",31321
"31003","Antelope, NE",6264
"31005","Arthur, NE",466
"31007","Banner, NE",786
"31009","Blaine, NE",457
"31011","Boone, NE",5096
"31013","Box Butte, NE",10696
"31015","Boyd, NE",1860
"31017","Brown, NE",2981
"31019","Buffalo, NE",50114
"31021","Burt, NE",6477
"31023","Butler, NE",7960
"31025","Cass, NE",26232
"31027","Cedar, NE",8414
"31029","Chase, NE",3840
"31031","Cherry, NE",5781
"31033","Cheyenne, NE",9111
"31035","Clay, NE",6216
"31037","Colfax, NE",10587
"31039","Cuming, NE",8798
"31041","Custer, NE",10626
"31043","Dakota, NE",20070
"31045","Dawes, NE",8361
"31047","Dawson, NE",23510
"31049","Deuel, NE",1793
"31051","Dixon, NE",5596
"31053","Dodge, NE",36222
"31055","Douglas, NE",574332
"31057","Dundy, NE",1671
"31059","Fillmore, NE",5519
"31061","Franklin, NE",2940
"31063","Frontier, NE",2587
"31065","Furnas, NE",4653
"31067","Gage, NE",21431
"31069","Garden, NE",1847
"31071","Garfield, NE",1956
"31073","Gosper, NE",1986
"31075","Grant, NE",630
"31077","Greeley, NE",2319
"31079","Hall, NE",61028
"31081","Hamilton, NE",9237
"31083","Harlan, NE",3311
"31085","Hayes, NE",916
"31087","Hitchcock, NE",2773
"31089","Holt, NE",9956
"31091","Hooker, NE",647
"31093","Howard, NE",6488
"31095","Jefferson, NE",7099
"31097","Johnson, NE",5057
"31099","Kearney, NE",6652
"31101","Keith, NE",7983
"31103","Keya Paha, NE",759
"31105","Kimball, NE",3495
"31107","Knox, NE",8304
"31109","Lancaster, NE",320650
"31111","Lincoln, NE",34347
"31113","Logan, NE",747
"31115","Loup, NE",650
"31117","McPherson, NE",474
"31119","Madison, NE",34813
"31121","Merrick, NE",7809
"31123","Morrill, NE",4625
"31125","Nance, NE",3532
"31127","Nemaha, NE",7044
"31129","Nuckolls, NE",4134
"31131","Otoe, NE",15965
"31133","Pawnee, NE",2601
"31135","Perkins, NE",2867
"31137","Phelps, NE",9006
"31139","Pierce, NE",7184
"31141","Platte, NE",33364
"31143","Polk, NE",5201
"31145","Red Willow, NE",10627
"31147","Richardson, NE",7791
"31149","Rock, NE",1377
"31151","Saline, NE",13987
"31153","Sarpy, NE",188856
"31155","Saunders, NE",21927
"31157","Scotts Bluff, NE",35299
"31159","Seward, NE",17186
"31161","Sheridan, NE",5150
"31163","Sherman, NE",2986
"31165","Sioux, NE",1200
"31167","Stanton, NE",5880
"31169","Thayer, NE",4887
"31171","Thomas, NE",739
"31173","Thurston, NE",7220
"31175","Valley, NE",4103
"31177","Washington, NE",20901
"31179","Wayne, NE",9492
"31181","Webster, NE",3419
"31183","Wheeler, NE",790
"31185","York, NE",13511
"32001","Churchill, NV",25363
"32003","Clark, NV",2315963
"32005","Douglas, NV",49088
"32007","Elko, NV",53006
"32009","Esmeralda, NV",886
"32011","Eureka, NV",2065
"32013","Humboldt, NV",16962
"32015","Lander, NV",5514
"32017","Lincoln, NV",5159
"32019","Lyon, NV",58319
"32021","Mineral, NV",4518
"32023","Nye, NV",48054
"32027","Pershing, NV",6573
"32029","Storey, NV",4207
"32031","Washoe, NV",477082
"32033","White Pine, NV",9466
"32510","Carson City (Independent City), NV",56034
"33001","Belknap, NH",61551
"33003","Carroll, NH",49167
"33005","Cheshire, NH",76228
"33007","Coos, NH",31174
"33009","Grafton, NH",90691
"33011","Hillsborough, NH",418735
"33013","Merrimack, NH",152622
"33015","Rockingham, NH",311307
"33017","Strafford, NH",131533
"33019","Sullivan, NH",43267
"34001","Atlantic, NJ",262945
"34003","Bergen, NJ",930394
"34005","Burlington, NJ",446596
"34007","Camden, NJ",506809
"34009","Cape May, NJ",91546
"34011","Cumberland, NJ",147008
"34013","Essex, NJ",800501
"34015","Gloucester, NJ",293245
"34017","Hudson, NJ",671666
"34019","Hunterdon, NJ",124797
"34021","Mercer, NJ",367239
"34023","Middlesex, NJ",822736
"34025","Monmouth, NJ",618381
"34027","Morris, NJ",491087
"34029","Ocean, NJ",614237
"34031","Passaic, NJ",500382
"34033","Salem, NJ",62451
"34035","Somerset, NJ",329331
"34037","Sussex, NJ",140002
"34039","Union, NJ",555394
"34041","Warren, NJ",105624
"35001","Bernalillo, NM",681666
"35003","Catron, NM",3623
"35005","Chaves, NM",64711
"35006","Cibola, NM*",26354
"35007","Colfax, NM",11927
"35009","Curry, NM",48793
"35011","De Baca, NM",1673
"35013","Doa Ana, NM",221262
"35015","Eddy, NM",58418
"35017","Grant, NM",27007
"35019","Guadalupe, NM",4275
"35021","Harding, NM",638
"35023","Hidalgo, NM",4106
"35025","Lea, NM",71830
"35027","Lincoln, NM",19939
"35028","Los Alamos, NM",19462
"35029","Luna, NM",23905
"35031","McKinley, NM",70824
"35033","Mora, NM",4478
"35035","Otero, NM",67967
"35037","Quay, NM",8197
"35039","Rio Arriba, NM",38521
"35041","Roosevelt, NM",18350
"35043","Sandoval, NM",148904
"35045","San Juan, NM",123312
"35047","San Miguel, NM",27144
"35049","Santa Fe, NM",151946
"35051","Sierra, NM",10867
"35053","Socorro, NM",16541
"35055","Taos, NM",32593
"35057","Torrance, NM",15486
"35059","Union, NM",4026
"35061","Valencia, NM*",77574
"36001","Albany, NY",303654
"36003","Allegany, NY",45587
"36005","Bronx, NY",1401142
"36007","Broome, NY",189420
"36009","Cattaraugus, NY",75863
"36011","Cayuga, NY",76029
"36013","Chautauqua, NY",126032
"36015","Chemung, NY",82622
"36017","Chenango, NY",46730
"36019","Clinton, NY",79778
"36021","Columbia, NY",59534
"36023","Cortland, NY",47173
"36025","Delaware, NY",43938
"36027","Dutchess, NY",293293
"36029","Erie, NY",917241
"36031","Essex, NY",36891
"36033","Franklin, NY",49965
"36035","Fulton, NY",52812
"36037","Genesee, NY",56994
"36039","Greene, NY",47177
"36041","Hamilton, NY",4345
"36043","Herkimer, NY",60945
"36045","Jefferson, NY",108095
"36047","Kings, NY",2538934
"36049","Lewis, NY",26187
"36051","Livingston, NY",62398
"36053","Madison, NY",70478
"36055","Monroe, NY",740900
"36057","Montgomery, NY",49170
"36059","Nassau, NY",1351334
"36061","New York, NY",1611989
"36063","Niagara, NY",208396
"36065","Oneida, NY",227346
"36067","Onondaga, NY",459214
"36069","Ontario, NY",110091
"36071","Orange, NY",385234
"36073","Orleans, NY",39978
"36075","Oswego, NY",116346
"36077","Otsego, NY",58701
"36079","Putnam, NY",98532
"36081","Queens, NY",2225821
"36083","Rensselaer, NY",158108
"36085","Richmond, NY",475327
"36087","Rockland, NY",326225
"36089","St. Lawrence, NY",107185
"36091","Saratoga, NY",230298
"36093","Schenectady, NY",155358
"36095","Schoharie, NY",31132
"36097","Schuyler, NY",17685
"36099","Seneca, NY",33991
"36101","Steuben, NY",94657
"36103","Suffolk, NY",1474273
"36105","Sullivan, NY",75802
"36107","Tioga, NY",47904
"36109","Tompkins, NY",101058
"36111","Ulster, NY",177716
"36113","Warren, NY",63756
"36115","Washington, NY",60606
"36117","Wayne, NY",89339
"36119","Westchester, NY",965802
"36121","Wyoming, NY",39465
"36123","Yates, NY",24780
"37001","Alamance, NC",171346
"37003","Alexander, NC",37441
"37005","Alleghany, NC",11194
"37007","Anson, NC",24097
"37009","Ashe, NC",27166
"37011","Avery, NC",17571
"37013","Beaufort, NC",47073
"37015","Bertie, NC",18712
"37017","Bladen, NC",32911
"37019","Brunswick, NC",149039
"37021","Buncombe, NC",263477
"37023","Burke, NC",90418
"37025","Cabarrus, NC",221479
"37027","Caldwell, NC",82100
"37029","Camden, NC",10984
"37031","Carteret, NC",69558
"37033","Caswell, NC",22443
"37035","Catawba, NC",160307
"37037","Chatham, NC",75748
"37039","Cherokee, NC",29073
"37041","Chowan, NC",13815
"37043","Clay, NC",11505
"37045","Cleveland, NC",99035
"37047","Columbus, NC",54754
"37049","Craven, NC",101233
"37051","Cumberland, NC",336364
"37053","Currituck, NC",29052
"37055","Dare, NC",37547
"37057","Davidson, NC",169234
"37059","Davie, NC",43286
"37061","Duplin, NC",58794
"37063","Durham, NC",327306
"37065","Edgecombe, NC",50829
"37067","Forsyth, NC",383843
"37069","Franklin, NC",71859
"37071","Gaston, NC",226568
"37073","Gates, NC",11464
"37075","Graham, NC",8474
"37077","Granville, NC",60486
"37079","Greene, NC",20928
"37081","Guilford, NC",540521
"37083","Halifax, NC",49479
"37085","Harnett, NC",137058
"37087","Haywood, NC",62972
"37089","Henderson, NC",118445
"37091","Hertford, NC",23108
"37093","Hoke, NC",55830
"37095","Hyde, NC",4843
"37097","Iredell, NC",185770
"37099","Jackson, NC",44033
"37101","Johnston, NC",216246
"37103","Jones, NC",9250
"37105","Lee, NC",62353
"37107","Lenoir, NC",55720
"37109","Lincoln, NC",88097
"37111","McDowell, NC",45782
"37113","Macon, NC",35994
"37115","Madison, NC",21740
"37117","Martin, NC",22178
"37119","Mecklenburg, NC",1128945
"37121","Mitchell, NC",14881
"37123","Montgomery, NC",27238
"37125","Moore, NC",103352
"37127","Nash, NC",94859
"37129","New Hanover, NC",236613
"37131","Northampton, NC",19088
"37133","Onslow, NC",203943
"37135","Orange, NC",149077
"37137","Pamlico, NC",12715
"37139","Pasquotank, NC",40372
"37141","Pender, NC",64671
"37143","Perquimans, NC",13667
"37145","Person, NC",39925
"37147","Pitt, NC",182924
"37149","Polk, NC",21030
"37151","Randolph, NC",144557
"37153","Richmond, NC",44332
"37155","Robeson, NC",129999
"37157","Rockingham, NC",91285
"37159","Rowan, NC",142495
"37161","Rutherford, NC",67076
"37163","Sampson, NC",63382
"37165","Scotland, NC",34637
"37167","Stanly, NC",63239
"37169","Stokes, NC",45743
"37171","Surry, NC",71683
"37173","Swain, NC",14179
"37175","Transylvania, NC",34498
"37177","Tyrrell, NC",3774
"37179","Union, NC",244562
"37181","Vance, NC",44718
"37183","Wake, NC",1132271
"37185","Warren, NC",19522
"37187","Washington, NC",11485
"37189","Watauga, NC",56441
"37191","Wayne, NC",123967
"37193","Wilkes, NC",68043
"37195","Wilson, NC",81979
"37197","Yadkin, NC",37625
"37199","Yancey, NC",18099
"38001","Adams, ND",2188
"38003","Barnes, ND",10402
"38005","Benson, ND",6762
"38007","Billings, ND",890
"38009","Bottineau, ND",6287
"38011","Bowman, ND",2986
"38013","Burke, ND",2118
"38015","Burleigh, ND",96212
"38017","Cass, ND",183904
"38019","Cavalier, ND",3713
"38021","Dickey, ND",4705
"38023","Divide, ND",2277
"38025","Dunn, ND",4465
"38027","Eddy, ND",2179
"38029","Emmons, ND",3187
"38031","Foster, ND",3165
"38033","Golden Valley, ND",1737
"38035","Grand Forks, ND",69481
"38037","Grant, ND",2215
"38039","Griggs, ND",2207
"38041","Hettinger, ND",2438
"38043","Kidder, ND",2458
"38045","LaMoure, ND",4033
"38047","Logan, ND",1880
"38049","McHenry, ND",5695
"38051","McIntosh, ND",2440
"38053","McKenzie, ND",15242
"38055","McLean, ND",9416
"38057","Mercer, ND",8174
"38059","Morton, ND",31503
"38061","Mountrail, ND",10502
"38063","Nelson, ND",2789
"38065","Oliver, ND",1926
"38067","Pembina, ND",6658
"38069","Pierce, ND",3928
"38071","Ramsey, ND",11388
"38073","Ransom, ND",5173
"38075","Renville, ND",2283
"38077","Richland, ND",16156
"38079","Rolette, ND",14165
"38081","Sargent, ND",3913
"38083","Sheridan, ND",1275
"38085","Sioux, ND",4173
"38087","Slope, ND",747
"38089","Stark, ND",32107
"38091","Steele, ND",1890
"38093","Stutsman, ND",20498
"38095","Towner, ND",2108
"38097","Traill, ND",7959
"38099","Walsh, ND",10437
"38101","Ward, ND",68466
"38103","Wells, ND",3709
"38105","Williams, ND",38700
"39001","Adams, OH",27531
"39003","Allen, OH",101980
"39005","Ashland, OH",53362
"39007","Ashtabula, OH",96513
"39009","Athens, OH",65481
"39011","Auglaize, OH",45680
"39013","Belmont, OH",65932
"39015","Brown, OH",43414
"39017","Butler, OH",385648
"39019","Carroll, OH",26897
"39021","Champaign, OH",38960
"39023","Clark, OH",133593
"39025","Clermont, OH",207449
"39027","Clinton, OH",41921
"39029","Columbiana, OH",101118
"39031","Coshocton, OH",36449
"39033","Crawford, OH",41338
"39035","Cuyahoga, OH",1227883
"39037","Darke, OH",51205
"39039","Defiance, OH",37778
"39041","Delaware, OH",213554
"39043","Erie, OH",73719
"39045","Fairfield, OH",159709
"39047","Fayette, OH",28579
"39049","Franklin, OH",1324624
"39051","Fulton, OH",41889
"39053","Gallia, OH",29802
"39055","Geauga, OH",93271
"39057","Greene, OH",170122
"39059","Guernsey, OH",38779
"39061","Hamilton, OH",817985
"39063","Hancock, OH",75407
"39065","Hardin, OH",31469
"39067","Harrison, OH",15014
"39069","Henry, OH",26904
"39071","Highland, OH",43304
"39073","Hocking, OH",28095
"39075","Holmes, OH",44004
"39077","Huron, OH",57979
"39079","Jackson, OH",32493
"39081","Jefferson, OH",64939
"39083","Knox, OH",62423
"39085","Lake, OH",229569
"39087","Lawrence, OH",59091
"39089","Licking, OH",178100
"39091","Logan, OH",45326
"39093","Lorain, OH",312172
"39095","Lucas, OH",428294
"39097","Madison, OH",44559
"39099","Mahoning, OH",226075
"39101","Marion, OH",64820
"39103","Medina, OH",180912
"39105","Meigs, OH",22678
"39107","Mercer, OH",41274
"39109","Miami, OH",107516
"39111","Monroe, OH",13586
"39113","Montgomery, OH",531610
"39115","Morgan, OH",14305
"39117","Morrow, OH",35411
"39119","Muskingum, OH",86020
"39121","Noble, OH",14364
"39123","Ottawa, OH",40253
"39125","Paulding, OH",18648
"39127","Perry, OH",36215
"39129","Pickaway, OH",58658
"39131","Pike, OH",27695
"39133","Portage, OH",162583
"39135","Preble, OH",40836
"39137","Putnam, OH",33654
"39139","Richland, OH",120891
"39141","Ross, OH",76420
"39143","Sandusky, OH",58351
"39145","Scioto, OH",74347
"39147","Seneca, OH",54938
"39149","Shelby, OH",48337
"39151","Stark, OH",369772
"39153","Summit, OH",538866
"39155","Trumbull, OH",196800
"39157","Tuscarawas, OH",91776
"39159","Union, OH",60021
"39161","Van Wert, OH",28159
"39163","Vinton, OH",12972
"39165","Warren, OH",238412
"39167","Washington, OH",59652
"39169","Wayne, OH",115694
"39171","Williams, OH",36565
"39173","Wood, OH",131113
"39175","Wyandot, OH",21711
"40001","Adair, OK",21955
"40003","Alfalfa, OK",5718
"40005","Atoka, OK",13912
"40007","Beaver, OK",5207
"40009","Beckham, OK",21468
"40011","Blaine, OK",9447
"40013","Bryan, OK",48998
"40015","Caddo, OK",28684
"40017","Canadian, OK",153192
"40019","Carter, OK",48353
"40021","Cherokee, OK",49019
"40023","Choctaw, OK",14646
"40025","Cimarron, OK",2145
"40027","Cleveland, OK",287066
"40029","Coal, OK",5587
"40031","Comanche, OK",121099
"40033","Cotton, OK",5676
"40035","Craig, OK",14194
"40037","Creek, OK",71485
"40039","Custer, OK",28648
"40041","Delaware, OK",43136
"40043","Dewey, OK",4815
"40045","Ellis, OK",3830
"40047","Garfield, OK",60869
"40049","Garvin, OK",27691
"40051","Grady, OK",55906
"40053","Grant, OK",4372
"40055","Greer, OK",5704
"40057","Harmon, OK",2557
"40059","Harper, OK",3611
"40061","Haskell, OK",12652
"40063","Hughes, OK",13126
"40065","Jackson, OK",24305
"40067","Jefferson, OK",5949
"40069","Johnston, OK",10824
"40071","Kay, OK",43274
"40073","Kingfisher, OK",15806
"40075","Kiowa, OK",8741
"40077","Latimer, OK",10132
"40079","Le Flore, OK",49935
"40081","Lincoln, OK",35045
"40083","Logan, OK",48777
"40085","Love, OK",10230
"40087","McClain, OK",41348
"40089","McCurtain, OK",32772
"40091","McIntosh, OK",19635
"40093","Major, OK",7579
"40095","Marshall, OK",17114
"40097","Mayes, OK",41152
"40099","Murray, OK",13955
"40101","Muskogee, OK",67610
"40103","Noble, OK",11113
"40105","Nowata, OK",10076
"40107","Okfuskee, OK",11765
"40109","Oklahoma, OK",804041
"40111","Okmulgee, OK",38234
"40113","Osage, OK",46642
"40115","Ottawa, OK",30879
"40117","Pawnee, OK",16381
"40119","Payne, OK",81755
"40121","Pittsburg, OK",43679
"40123","Pontotoc, OK",38397
"40125","Pottawatomie, OK",72998
"40127","Pushmataha, OK",10970
"40129","Roger Mills, OK",3570
"40131","Rogers, OK",93155
"40133","Seminole, OK",24248
"40135","Sequoyah, OK",41538
"40137","Stephens, OK",43100
"40139","Texas, OK",19997
"40141","Tillman, OK",7229
"40143","Tulsa, OK",657589
"40145","Wagoner, OK",82925
"40147","Washington, OK",52222
"40149","Washita, OK",10830
"40151","Woods, OK",8687
"40153","Woodward, OK",19812
"41001","Baker, OR",16284
"41003","Benton, OR",93239
"41005","Clackamas, OR",421596
"41007","Clatsop, OR",40423
"41009","Columbia, OR",52876
"41011","Coos, OR",64711
"41013","Crook, OR",25105
"41015","Curry, OR",23305
"41017","Deschutes, OR",201769
"41019","Douglas, OR",111364
"41021","Gilliam, OR",1975
"41023","Grant, OR",7180
"41025","Harney, OR",7373
"41027","Hood River, OR",23280
"41029","Jackson, OR",221844
"41031","Jefferson, OR",24856
"41033","Josephine, OR",88053
"41035","Klamath, OR",68739
"41037","Lake, OR",7949
"41039","Lane, OR",382986
"41041","Lincoln, OR",50583
"41043","Linn, OR",131054
"41045","Malheur, OR",30983
"41047","Marion, OR",349204
"41049","Morrow, OR",11700
"41051","Multnomah, OR",815637
"41053","Polk, OR",87744
"41055","Sherman, OR",1801
"41057","Tillamook, OR",27442
"41059","Umatilla, OR",77752
"41061","Union, OR",26551
"41063","Wallowa, OR",7181
"41065","Wasco, OR",26403
"41067","Washington, OR",603514
"41069","Wheeler, OR",1387
"41071","Yamhill, OR",107664
"42001","Adams, PA",102742
"42003","Allegheny, PA",1211358
"42005","Armstrong, PA",64162
"42007","Beaver, PA",162575
"42009","Bedford, PA",47817
"42011","Berks, PA",421017
"42013","Blair, PA",121007
"42015","Bradford, PA",60221
"42017","Bucks, PA",627987
"42019","Butler, PA",189135
"42021","Cambria, PA",128672
"42023","Cameron, PA",4330
"42025","Carbon, PA",64081
"42027","Centre, PA",161496
"42029","Chester, PA",526759
"42031","Clarion, PA",38305
"42033","Clearfield, PA",78612
"42035","Clinton, PA",37957
"42037","Columbia, PA",64842
"42039","Crawford, PA",83697
"42041","Cumberland, PA",255857
"42043","Dauphin, PA",279874
"42045","Delaware, PA",566753
"42047","Elk, PA",29607
"42049","Erie, PA",268426
"42051","Fayette, PA",128126
"42053","Forest, PA",6965
"42055","Franklin, PA",155637
"42057","Fulton, PA",14501
"42059","Greene, PA",35621
"42061","Huntingdon, PA",44590
"42063","Indiana, PA",83664
"42065","Jefferson, PA",43108
"42067","Juniata, PA",24619
"42069","Lackawanna, PA",208989
"42071","Lancaster, PA",546192
"42073","Lawrence, PA",85083
"42075","Lebanon, PA",141663
"42077","Lehigh, PA",370802
"42079","Luzerne, PA",316982
"42081","Lycoming, PA",113209
"42083","McKean, PA",40333
"42085","Mercer, PA",108545
"42087","Mifflin, PA",46064
"42089","Monroe, PA",170154
"42091","Montgomery, PA",833869
"42093","Montour, PA",18042
"42095","Northampton, PA",305892
"42097","Northumberland, PA",90258
"42099","Perry, PA",46212
"42101","Philadelphia, PA",1578487
"42103","Pike, PA",56072
"42105","Potter, PA",16453
"42107","Schuylkill, PA",140709
"42109","Snyder, PA",40317
"42111","Somerset, PA",72916
"42113","Sullivan, PA",5913
"42115","Susquehanna, PA",40006
"42117","Tioga, PA",40381
"42119","Union, PA",44294
"42121","Venango, PA",50328
"42123","Warren, PA",38911
"42125","Washington, PA",206803
"42127","Wayne, PA",51163
"42129","Westmoreland, PA",347087
"42131","Wyoming, PA",26557
"42133","York, PA",450448
"44001","Bristol, RI",48350
"44003","Kent, RI",164646
"44005","Newport, RI",81836
"44007","Providence, RI",636547
"44009","Washington, RI",125746
"45001","Abbeville, SC",24404
"45003","Aiken, SC",172895
"45005","Allendale, SC",8331
"45007","Anderson, SC",204353
"45009","Bamberg, SC",13906
"45011","Barnwell, SC",20805
"45013","Beaufort, SC",195656
"45015","Berkeley, SC",235987
"45017","Calhoun, SC",14554
"45019","Charleston, SC",417981
"45021","Cherokee, SC",57316
"45023","Chester, SC",32232
"45025","Chesterfield, SC",45606
"45027","Clarendon, SC",33415
"45029","Colleton, SC",37481
"45031","Darlington, SC",66509
"45033","Dillon, SC",30367
"45035","Dorchester, SC",165737
"45037","Edgefield, SC",27120
"45039","Fairfield, SC",22059
"45041","Florence, SC",137588
"45043","Georgetown, SC",63353
"45045","Greenville, SC",532486
"45047","Greenwood, SC",71074
"45049","Hampton, SC",18053
"45051","Horry, SC",365449
"45053","Jasper, SC",31588
"45055","Kershaw, SC",67472
"45057","Lancaster, SC",100926
"45059","Laurens, SC",67883
"45061","Lee, SC",16701
"45063","Lexington, SC",303946
"45065","McCormick, SC",9430
"45067","Marion, SC",30158
"45069","Marlboro, SC",25581
"45071","Newberry, SC",38445
"45073","Oconee, SC",80015
"45075","Orangeburg, SC",85343
"45077","Pickens, SC",127983
"45079","Richland, SC",419051
"45081","Saluda, SC",20315
"45083","Spartanburg, SC",326205
"45085","Sumter, SC",106360
"45087","Union, SC",26991
"45089","Williamsburg, SC",29825
"45091","York, SC",289105
"46003","Aurora, SD",2730
"46005","Beadle, SD",18513
"46007","Bennett, SD",3399
"46009","Bon Homme, SD",6848
"46011","Brookings, SD",35603
"46013","Brown, SD",38738
"46015","Brule, SD",5254
"46017","Buffalo, SD",1956
"46019","Butte, SD",10538
"46021","Campbell, SD",1380
"46023","Charles Mix, SD",9262
"46025","Clark, SD",3802
"46027","Clay, SD",14246
"46029","Codington, SD",28186
"46031","Corson, SD",4031
"46033","Custer, SD",9017
"46035","Davison, SD",19812
"46037","Day, SD",5345
"46039","Deuel, SD",4346
"46041","Dewey, SD",5789
"46043","Douglas, SD",2906
"46045","Edmunds, SD",3817
"46047","Fall River, SD",6708
"46049","Faulk, SD",2306
"46051","Grant, SD",7000
"46053","Gregory, SD",4219
"46055","Haakon, SD",1861
"46057","Hamlin, SD",6234
"46059","Hand, SD",3127
"46061","Hanson, SD",3489
"46063","Harding, SD",1311
"46065","Hughes, SD",17336
"46067","Hutchinson, SD",7282
"46069","Hyde, SD",1281
"46071","Jackson, SD",3321
"46073","Jerauld, SD",1985
"46075","Jones, SD",938
"46077","Kingsbury, SD",4987
"46079","Lake, SD",12488
"46081","Lawrence, SD",26221
"46083","Lincoln, SD",63019
"46085","Lyman, SD",3797
"46087","McCook, SD",5520
"46089","McPherson, SD",2363
"46091","Marshall, SD",4884
"46093","Meade, SD",28588
"46095","Mellette, SD",2089
"46097","Miner, SD",2202
"46099","Minnehaha, SD",196659
"46101","Moody, SD",6525
"46102","Oglala Lakota, SD*",14070
"46103","Pennington, SD",115926
"46105","Perkins, SD",2832
"46107","Potter, SD",2163
"46109","Roberts, SD",10331
"46111","Sanborn, SD",2322
"46115","Spink, SD",6319
"46117","Stanley, SD",3121
"46119","Sully, SD",1391
"46121","Todd, SD",10313
"46123","Tripp, SD",5377
"46125","Turner, SD",8368
"46127","Union, SD",16192
"46129","Walworth, SD",5336
"46135","Yankton, SD",22742
"46137","Ziebach, SD",2656
"47001","Anderson, TN",77558
"47003","Bedford, TN",50179
"47005","Benton, TN",16131
"47007","Bledsoe, TN",15223
"47009","Blount, TN",134751
"47011","Bradley, TN",109071
"47013","Campbell, TN",39837
"47015","Cannon, TN",14847
"47017","Carroll, TN",27779
"47019","Carter, TN",56418
"47021","Cheatham, TN",41101
"47023","Chester, TN",17432
"47025","Claiborne, TN",32023
"47027","Clay, TN",7629
"47029","Cocke, TN",36225
"47031","Coffee, TN",57632
"47033","Crockett, TN",14180
"47035","Cumberland, TN",61603
"47037","Davidson, TN",694176
"47039","Decatur, TN",11601
"47041","DeKalb, TN",20837
"47043","Dickson, TN",54376
"47045","Dyer, TN",36693
"47047","Fayette, TN",41620
"47049","Fentress, TN",18787
"47051","Franklin, TN",42485
"47053","Gibson, TN",49159
"47055","Giles, TN",29530
"47057","Grainger, TN",23565
"47059","Greene, TN",69571
"47061","Grundy, TN",13485
"47063","Hamblen, TN",65110
"47065","Hamilton, TN",371662
"47067","Hancock, TN",6493
"47069","Hardeman, TN",24836
"47071","Hardin, TN",25583
"47073","Hawkins, TN",56775
"47075","Haywood, TN",17002
"47077","Henderson, TN",28076
"47079","Henry, TN",32056
"47081","Hickman, TN",25387
"47083","Houston, TN",8292
"47085","Humphreys, TN",18590
"47087","Jackson, TN",11864
"47089","Jefferson, TN",55307
"47091","Johnson, TN",17849
"47093","Knox, TN",475609
"47095","Lake, TN",6988
"47097","Lauderdale, TN",25451
"47099","Lawrence, TN",44432
"47101","Lewis, TN",12363
"47103","Lincoln, TN",34540
"47105","Loudon, TN",54910
"47107","McMinn, TN",54208
"47109","McNairy, TN",25696
"47111","Macon, TN",24827
"47113","Madison, TN",98360
"47115","Marion, TN",28924
"47117","Marshall, TN",35016
"47119","Maury, TN",99590
"47121","Meigs, TN",12532
"47123","Monroe, TN",47177
"47125","Montgomery, TN",214251
"47127","Moore, TN",6438
"47129","Morgan, TN",21431
"47131","Obion, TN",30131
"47133","Overton, TN",22566
"47135","Perry, TN",8099
"47137","Pickett, TN",5061
"47139","Polk, TN",16835
"47141","Putnam, TN",80929
"47143","Rhea, TN",33443
"47145","Roane, TN",53841
"47147","Robertson, TN",72275
"47149","Rutherford, TN",339261
"47151","Scott, TN",22090
"47153","Sequatchie, TN",15176
"47155","Sevier, TN",99244
"47157","Shelby, TN",936017
"47159","Smith, TN",20285
"47161","Stewart, TN",13859
"47163","Sullivan, TN",158755
"47165","Sumner, TN",195561
"47167","Tipton, TN",61918
"47169","Trousdale, TN",11455
"47171","Unicoi, TN",17755
"47173","Union, TN",20187
"47175","Van Buren, TN",5947
"47177","Warren, TN",41605
"47179","Washington, TN",130367
"47181","Wayne, TN",16524
"47183","Weakley, TN",33334
"47185","White, TN",27707
"47187","Williamson, TN",245348
"47189","Wilson, TN",148130
"48001","Anderson, TX",57805
"48003","Andrews, TX",18879
"48005","Angelina, TX",86796
"48007","Aransas, TX",23814
"48009","Archer, TX",8730
"48011","Armstrong, TX",1869
"48013","Atascosa, TX",51724
"48015","Austin, TX",29972
"48017","Bailey, TX",6697
"48019","Bandera, TX",23861
"48021","Bastrop, TX",91601
"48023","Baylor, TX",3518
"48025","Bee, TX",32513
"48027","Bell, TX",369927
"48029","Bexar, TX",2026823
"48031","Blanco, TX",12269
"48033","Borden, TX",706
"48035","Bosque, TX",18603
"48037","Bowie, TX",93481
"48039","Brazoria, TX",380518
"48041","Brazos, TX",232555
"48043","Brewster, TX",9237
"48045","Briscoe, TX",1487
"48047","Brooks, TX",6964
"48049","Brown, TX",37633
"48051","Burleson, TX",18514
"48053","Burnet, TX",49653
"48055","Caldwell, TX",43979
"48057","Calhoun, TX",21001
"48059","Callahan, TX",14110
"48061","Cameron, TX",424180
"48063","Camp, TX",13060
"48065","Carson, TX",5854
"48067","Cass, TX",29879
"48069","Castro, TX",7396
"48071","Chambers, TX",45590
"48073","Cherokee, TX",52875
"48075","Childress, TX",7143
"48077","Clay, TX",10550
"48079","Cochran, TX",2897
"48081","Coke, TX",3323
"48083","Coleman, TX",8100
"48085","Collin, TX",1072069
"48087","Collingsworth, TX",2877
"48089","Colorado, TX",21610
"48091","Comal, TX",164812
"48093","Comanche, TX",13750
"48095","Concho, TX",2827
"48097","Cooke, TX",41393
"48099","Coryell, TX",76737
"48101","Cottle, TX",1363
"48103","Crane, TX",4765
"48105","Crockett, TX",3513
"48107","Crosby, TX",5567
"48109","Culberson, TX",2149
"48111","Dallam, TX",7273
"48113","Dallas, TX",2635888
"48115","Dawson, TX",12974
"48117","Deaf Smith, TX",18277
"48119","Delta, TX",5349
"48121","Denton, TX",919324
"48123","DeWitt, TX",20174
"48125","Dickens, TX",2140
"48127","Dimmit, TX",9925
"48129","Donley, TX",3308
"48131","Duval, TX",11058
"48133","Eastland, TX",18388
"48135","Ector, TX",167701
"48137","Edwards, TX",1923
"48139","Ellis, TX",191760
"48141","El Paso, TX",841286
"48143","Erath, TX",43224
"48145","Falls, TX",17275
"48147","Fannin, TX",35913
"48149","Fayette, TX",25547
"48151","Fisher, TX",3784
"48153","Floyd, TX",5672
"48155","Foard, TX",1135
"48157","Fort Bend, TX",839706
"48159","Franklin, TX",10821
"48161","Freestone, TX",19874
"48163","Frio, TX",20379
"48165","Gaines, TX",21996
"48167","Galveston, TX",345089
"48169","Garza, TX",6222
"48171","Gillespie, TX",26960
"48173","Glasscock, TX",1439
"48175","Goliad, TX",7626
"48177","Gonzales, TX",20948
"48179","Gray, TX",21658
"48181","Grayson, TX",138318
"48183","Gregg, TX",124229
"48185","Grimes, TX",29614
"48187","Guadalupe, TX",170608
"48189","Hale, TX",32754
"48191","Hall, TX",2939
"48193","Hamilton, TX",8557
"48195","Hansford, TX",5279
"48197","Hardeman, TX",4011
"48199","Hardin, TX",58305
"48201","Harris, TX",4738253
"48203","Harrison, TX",66386
"48205","Hartley, TX",5443
"48207","Haskell, TX",5754
"48209","Hays, TX",241365
"48211","Hemphill, TX",3777
"48213","Henderson, TX",83792
"48215","Hidalgo, TX",875200
"48217","Hill, TX",37006
"48219","Hockley, TX",22921
"48221","Hood, TX",63527
"48223","Hopkins, TX",37170
"48225","Houston, TX",22835
"48227","Howard, TX",36540
"48229","Hudspeth, TX",4906
"48231","Hunt, TX",99807
"48233","Hutchinson, TX",20677
"48235","Irion, TX",1564
"48237","Jack, TX",9056
"48239","Jackson, TX",14854
"48241","Jasper, TX",35375
"48243","Jeff Davis, TX",2220
"48245","Jefferson, TX",250127
"48247","Jim Hogg, TX",5184
"48249","Jim Wells, TX",40452
"48251","Johnson, TX",179575
"48253","Jones, TX",19875
"48255","Karnes, TX",15562
"48257","Kaufman, TX",143198
"48259","Kendall, TX",48523
"48261","Kenedy, TX",379
"48263","Kent, TX",786
"48265","Kerr, TX",52869
"48267","Kimble, TX",4396
"48269","King, TX",283
"48271","Kinney, TX",3670
"48273","Kleberg, TX",30338
"48275","Knox, TX",3683
"48277","Lamar, TX",49905
"48279","Lamb, TX",12710
"48281","Lampasas, TX",21789
"48283","La Salle, TX",7500
"48285","Lavaca, TX",20216
"48287","Lee, TX",17397
"48289","Leon, TX",17493
"48291","Liberty, TX",91547
"48293","Limestone, TX",23340
"48295","Lipscomb, TX",3111
"48297","Live Oak, TX",12324
"48299","Llano, TX",21958
"48301","Loving, TX",181
"48303","Lubbock, TX",314772
"48305","Lynn, TX",6025
"48307","McCulloch, TX",7823
"48309","McLennan, TX",259730
"48311","McMullen, TX",721
"48313","Madison, TX",14427
"48315","Marion, TX",9960
"48317","Martin, TX",5816
"48319","Mason, TX",4344
"48321","Matagorda, TX",36725
"48323","Maverick, TX",58378
"48325","Medina, TX",52358
"48327","Menard, TX",2124
"48329","Midland, TX",177863
"48331","Milam, TX",24708
"48333","Mills, TX",4840
"48335","Mitchell, TX",8202
"48337","Montague, TX",19962
"48339","Montgomery, TX",626351
"48341","Moore, TX",20654
"48343","Morris, TX",12393
"48345","Motley, TX",1185
"48347","Nacogdoches, TX",64753
"48349","Navarro, TX",50694
"48351","Newton, TX",13414
"48353","Nolan, TX",14835
"48355","Nueces, TX",363148
"48357","Ochiltree, TX",9598
"48359","Oldham, TX",2135
"48361","Orange, TX",82878
"48363","Palo Pinto, TX",29320
"48365","Panola, TX",23187
"48367","Parker, TX",148198
"48369","Parmer, TX",9522
"48371","Pecos, TX",15718
"48373","Polk, TX",52995
"48375","Potter, TX",116004
"48377","Presidio, TX",6508
"48379","Rains, TX",12552
"48381","Randall, TX",139899
"48383","Reagan, TX",3833
"48385","Real, TX",3411
"48387","Red River, TX",11995
"48389","Reeves, TX",15949
"48391","Refugio, TX",6877
"48393","Roberts, TX",813
"48395","Robertson, TX",17155
"48397","Rockwall, TX",109888
"48399","Runnels, TX",10401
"48401","Rusk, TX",54324
"48403","Sabine, TX",10507
"48405","San Augustine, TX",8248
"48407","San Jacinto, TX",29301
"48409","San Patricio, TX",67069
"48411","San Saba, TX",6039
"48413","Schleicher, TX",2761
"48415","Scurry, TX",16662
"48417","Shackelford, TX",3300
"48419","Shelby, TX",24915
"48421","Sherman, TX",3027
"48423","Smith, TX",235806
"48425","Somervell, TX",9139
"48427","Starr, TX",64266
"48429","Stephens, TX",9334
"48431","Sterling, TX",1315
"48433","Stonewall, TX",1348
"48435","Sutton, TX",3738
"48437","Swisher, TX",7340
"48439","Tarrant, TX",2123347
"48441","Taylor, TX",139200
"48443","Terrell, TX",702
"48445","Terry, TX",12183
"48447","Throckmorton, TX",1487
"48449","Titus, TX",32926
"48451","Tom Green, TX",120010
"48453","Travis, TX",1300503
"48455","Trinity, TX",14883
"48457","Tyler, TX",21591
"48459","Upshur, TX",42166
"48461","Upton, TX",3623
"48463","Uvalde, TX",26742
"48465","Val Verde, TX",49028
"48467","Van Zandt, TX",57533
"48469","Victoria, TX",91936
"48471","Walker, TX",72164
"48473","Waller, TX",57452
"48475","Ward, TX",12097
"48477","Washington, TX",35771
"48479","Webb, TX",277681
"48481","Wharton, TX",41685
"48483","Wheeler, TX",4946
"48485","Wichita, TX",133205
"48487","Wilbarger, TX",12552
"48489","Willacy, TX",21161
"48491","Williamson, TX",617855
"48493","Wilson, TX",52023
"48495","Winkler, TX",7887
"48497","Wise, TX",71084
"48499","Wood, TX",46291
"48501","Yoakum, TX",8702
"48503","Young, TX",17904
"48505","Zapata, TX",14172
"48507","Zavala, TX",11840
"49001","Beaver, UT",6761
"49003","Box Elder, UT",57007
"49005","Cache, UT",130004
"49007","Carbon, UT",20760
"49009","Daggett, UT",1026
"49011","Davis, UT",359232
"49013","Duchesne, UT",19894
"49015","Emery, UT",10147
"49017","Garfield, UT",5050
"49019","Grand, UT",9796
"49021","Iron, UT",56814
"49023","Juab, UT",12122
"49025","Kane, UT",7914
"49027","Millard, UT",13327
"49029","Morgan, UT",12462
"49031","Piute, UT",1473
"49033","Rich, UT",2452
"49035","Salt Lake, UT",1165517
"49037","San Juan, UT",15278
"49039","Sanpete, UT",31393
"49041","Sevier, UT",21780
"49043","Summit, UT",42499
"49045","Tooele, UT",74512
"49047","Uintah, UT",35970
"49049","Utah, UT",651059
"49051","Wasatch, UT",35300
"49053","Washington, UT",184913
"49055","Wayne, UT",2759
"49057","Weber, UT",262658
"50001","Addison, VT",36851
"50003","Bennington, VT",35338
"50005","Caledonia, VT",29705
"50007","Chittenden, VT",164306
"50009","Essex, VT",6123
"50011","Franklin, VT",49685
"50013","Grand Isle, VT",7169
"50015","Lamoille, VT",25341
"50017","Orange, VT",28837
"50019","Orleans, VT",26897
"50021","Rutland, VT",57764
"50023","Washington, VT",58328
"50025","Windham, VT",42015
"50027","Windsor, VT",54988
"51001","Accomack, VA",32238
"51007","Amelia, VA",13014
"51009","Amherst, VA",31667
"51011","Appomattox, VA",16043
"51013","Arlington, VA",240119
"51017","Bath, VA",4119
"51019","Bedford, VA*",79811
"51021","Bland, VA",6239
"51023","Botetourt, VA",33633
"51025","Brunswick, VA",16037
"51027","Buchanan, VA",20613
"51029","Buckingham, VA",17168
"51033","Caroline, VA",30860
"51036","Charles City, VA",6821
"51037","Charlotte, VA",11820
"51041","Chesterfield, VA",358245
"51043","Clarke, VA",14622
"51045","Craig, VA",5077
"51047","Culpeper, VA",53569
"51049","Cumberland, VA",9933
"51051","Dickenson, VA",14078
"51057","Essex, VA",10943
"51061","Fauquier, VA",71361
"51063","Floyd, VA",15777
"51065","Fluvanna, VA",27422
"51067","Franklin, VA",56167
"51071","Giles, VA",16663
"51073","Gloucester, VA",37459
"51075","Goochland, VA",24431
"51077","Grayson, VA",15493
"51079","Greene, VA",20131
"51083","Halifax, VA",33633
"51085","Hanover, VA",108262
"51087","Henrico, VA",333766
"51091","Highland, VA",2200
"51093","Isle of Wight, VA",37725
"51097","King and Queen, VA",6942
"51099","King George, VA",27381
"51101","King William, VA",17641
"51103","Lancaster, VA",10618
"51105","Lee, VA",23238
"51107","Loudoun, VA",422784
"51109","Louisa, VA",38132
"51111","Lunenburg, VA",12267
"51113","Madison, VA",13312
"51115","Mathews, VA",8766
"51117","Mecklenburg, VA",30679
"51119","Middlesex, VA",10569
"51125","Nelson, VA",14755
"51127","New Kent, VA",23648
"51131","Northampton, VA",11673
"51133","Northumberland, VA",12069
"51135","Nottoway, VA",15160
"51137","Orange, VA",37695
"51139","Page, VA",23933
"51141","Patrick, VA",17493
"51145","Powhatan, VA",30148
"51147","Prince Edward, VA",23006
"51155","Pulaski, VA",33935
"51157","Rappahannock, VA",7260
"51159","Richmond, VA",9071
"51167","Russell, VA",26647
"51169","Scott, VA",21629
"51171","Shenandoah, VA",43905
"51173","Smyth, VA",30090
"51179","Stafford, VA",156748
"51181","Surry, VA",6385
"51183","Sussex, VA",10925
"51185","Tazewell, VA",40529
"51187","Warren, VA",40475
"51193","Westmoreland, VA",18149
"51197","Wythe, VA",28620
"51510","Alexandria (Independent City), VA",158726
"51550","Chesapeake (Independent City), VA",247011
"51650","Hampton (Independent City), VA",135464
"51700","Newport News (Independent City), VA",179062
"51710","Norfolk (Independent City), VA",242803
"51740","Portsmouth (Independent City), VA",95094
"51760","Richmond (Independent City), VA",232226
"51770","Roanoke (Independent City), VA",99058
"51800","Suffolk (Independent City), VA",93913
"51810","Virginia Beach (Independent City), VA",451231
"51901","Albemarle + Charlottesville, VA*",157602
"51903","Alleghany + Covington, VA*",20340
"51907","Augusta, Staunton + Waynesboro, VA*",124475
"51911","Campbell + Lynchburg, VA*",136865
"51913","Carroll + Galax, VA*",36370
"51918","Dinwiddie, Colonial Heights + Petersburg, VA*",76339
"51919","Fairfax, Fairfax City + Falls Church, VA*",1188907
"51921","Frederick + Winchester, VA*",118819
"51923","Greensville + Emporia, VA*",16537
"51929","Henry + Martinsville, VA*",62664
"51931","James City + Williamsburg, VA*",92871
"51933","Montgomery + Radford, VA*",116646
"51939","Pittsylvania + Danville, VA*",99719
"51941","Prince George + Hopewell, VA*",61061
"51942","Prince William, Manassas + Manassas Park, VA*",534406
"51944","Roanoke + Salem, VA*",119849
"51945","Rockbridge, Buena Vista + Lexington, VA*",36438
"51947","Rockingham + Harrisonburg, VA*",135550
"51949","Southampton + Franklin, VA*",25469
"51951","Spotsylvania + Fredericksburg, VA*",167941
"51953","Washington + Bristol, VA*",71024
"51955","Wise + Norton, VA*",41191
"51958","York + Poquoson, VA*",81456
"53001","Adams, WA",20027
"53003","Asotin, WA",22820
"53005","Benton, WA",206426
"53007","Chelan, WA",77574
"53009","Clallam, WA",78067
"53011","Clark, WA",496865
"53013","Columbia, WA",4048
"53015","Cowlitz, WA",111371
"53017","Douglas, WA",43560
"53019","Ferry, WA",7759
"53021","Franklin, WA",97075
"53023","Garfield, WA",2290
"53025","Grant, WA",99377
"53027","Grays Harbor, WA",75950
"53029","Island, WA",86014
"53031","Jefferson, WA",32700
"53033","King, WA",2274315
"53035","Kitsap, WA",272787
"53037","Kittitas, WA",49204
"53039","Klickitat, WA",22697
"53041","Lewis, WA",82109
"53043","Lincoln, WA",11090
"53045","Mason, WA",68224
"53047","Okanogan, WA",42620
"53049","Pacific, WA",22984
"53051","Pend Oreille, WA",14144
"53053","Pierce, WA",913890
"53055","San Juan, WA",17492
"53057","Skagit, WA",130789
"53059","Skamania, WA",12107
"53061","Snohomish, WA",830393
"53063","Spokane, WA",528225
"53065","Stevens, WA",46360
"53067","Thurston, WA",294074
"53069","Wahkiakum, WA",4498
"53071","Walla Walla, WA",61292
"53073","Whatcom, WA",231016
"53075","Whitman, WA",49500
"53077","Yakima, WA",251879
"54001","Barbour, WV",16444
"54003","Berkeley, WV",122125
"54005","Boone, WV",21055
"54007","Braxton, WV",13702
"54009","Brooke, WV",21674
"54011","Cabell, WV",91589
"54013","Calhoun, WV",6945
"54015","Clay, WV",8341
"54017","Doddridge, WV",8368
"54019","Fayette, WV",42062
"54021","Gilmer, WV",7811
"54023","Grant, WV",11510
"54025","Greenbrier, WV",34319
"54027","Hampshire, WV",23190
"54029","Hancock, WV",28571
"54031","Hardy, WV",13633
"54033","Harrison, WV",66870
"54035","Jackson, WV",28453
"54037","Jefferson, WV",57486
"54039","Kanawha, WV",176253
"54041","Lewis, WV",15805
"54043","Lincoln, WV",20043
"54045","Logan, WV",31688
"54047","McDowell, WV",16916
"54049","Marion, WV",55962
"54051","Marshall, WV",30103
"54053","Mason, WV",26335
"54055","Mercer, WV",58258
"54057","Mineral, WV",26722
"54059","Mingo, WV",22951
"54061","Monongalia, WV",106819
"54063","Monroe, WV",13229
"54065","Morgan, WV",17873
"54067","Nicholas, WV",24340
"54069","Ohio, WV",41182
"54071","Pendleton, WV",6932
"54073","Pleasants, WV",7438
"54075","Pocahontas, WV",8190
"54077","Preston, WV",33380
"54079","Putnam, WV",56428
"54081","Raleigh, WV",72920
"54083","Randolph, WV",28387
"54085","Ritchie, WV",9499
"54087","Roane, WV",13482
"54089","Summers, WV",12444
"54091","Taylor, WV",16699
"54093","Tucker, WV",6816
"54095","Tyler, WV",8533
"54097","Upshur, WV",24230
"54099","Wayne, WV",39054
"54101","Webster, WV",8058
"54103","Wetzel, WV",14904
"54105","Wirt, WV",5705
"54107","Wood, WV",82938
"54109","Wyoming, WV",20123
"55001","Adams, WI",20498
"55003","Ashland, WI",15415
"55005","Barron, WI",45090
"55007","Bayfield, WI",15242
"55009","Brown, WI",264610
"55011","Buffalo, WI",13033
"55013","Burnett, WI",15557
"55015","Calumet, WI",50209
"55017","Chippewa, WI",64737
"55019","Clark, WI",34720
"55021","Columbia, WI",57668
"55023","Crawford, WI",16021
"55025","Dane, WI",552536
"55027","Dodge, WI",87336
"55029","Door, WI",27889
"55031","Douglas, WI",43702
"55033","Dunn, WI",45452
"55035","Eau Claire, WI",105260
"55037","Florence, WI",4298
"55039","Fond du Lac, WI",102902
"55041","Forest, WI",8960
"55043","Grant, WI",51021
"55045","Green, WI",36603
"55047","Green Lake, WI",18908
"55049","Iowa, WI",23640
"55051","Iron, WI",5698
"55053","Jackson, WI",20630
"55055","Jefferson, WI",85038
"55057","Juneau, WI",26908
"55059","Kenosha, WI",169671
"55061","Kewaunee, WI",20386
"55063","La Crosse, WI",118502
"55065","Lafayette, WI",16646
"55067","Langlade, WI",19119
"55069","Lincoln, WI",27566
"55071","Manitowoc, WI",78757
"55073","Marathon, WI",135593
"55075","Marinette, WI",40262
"55077","Marquette, WI",15585
"55078","Menominee, WI*",4546
"55079","Milwaukee, WI",945016
"55081","Monroe, WI",46582
"55083","Oconto, WI",38383
"55085","Oneida, WI",35751
"55087","Outagamie, WI",188766
"55089","Ozaukee, WI",90043
"55091","Pepin, WI",7271
"55093","Pierce, WI",42700
"55095","Polk, WI",43794
"55097","Portage, WI",71032
"55099","Price, WI",13245
"55101","Racine, WI",195802
"55103","Richland, WI",17258
"55105","Rock, WI",163084
"55107","Rusk, WI",14022
"55109","St. Croix, WI",91838
"55111","Sauk, WI",64449
"55113","Sawyer, WI",16700
"55115","Shawano, WI*",40786
"55117","Sheboygan, WI",115240
"55119","Taylor, WI",20318
"55121","Trempealeau, WI",29681
"55123","Vernon, WI",30861
"55125","Vilas, WI",22356
"55127","Walworth, WI",103953
"55129","Washburn, WI",15712
"55131","Washington, WI",136445
"55133","Waukesha, WI",406172
"55135","Waupaca, WI",50664
"55137","Waushara, WI",24326
"55139","Winnebago, WI",171631
"55141","Wood, WI",72560
"55901","Shawano (includes Menominee), WI*","(NA)"
"56001","Albany, WY",38950
"56003","Big Horn, WY",11575
"56005","Campbell, WY",46676
"56007","Carbon, WY",14711
"56009","Converse, WY",13804
"56011","Crook, WY",7593
"56013","Fremont, WY",39317
"56015","Goshen, WY",13235
"56017","Hot Springs, WY",4425
"56019","Johnson, WY",8588
"56021","Laramie, WY",100595
"56023","Lincoln, WY",20253
"56025","Natrona, WY",80815
"56027","Niobrara, WY",2275
"56029","Park, WY",29331
"56031","Platte, WY",8578
"56033","Sheridan, WY",30863
"56035","Sublette, WY",9856
"56037","Sweetwater, WY",42673
"56039","Teton, WY",23497
"56041","Uinta, WY",20215
"56043","Washakie, WY",7760
"56045","Weston, WY",6743
"Legend / Footnotes:"
"1/ Census Bureau midyear population estimates. Estimates for 2010-2020 reflect county population estimates available as of March 2021. These population estimates are based on the 2010 census. BEA will incorporate Census Bureau midyear population estimates based on the 2020 census results when they become available."
"* Estimates for 1979 forward reflect Alaska Census Areas as defined by the Census Bureau; those for prior years reflect Alaska Census Divisions as defined in the 1970 Decennial Census."
"* Estimates from 1988 forward separate Aleutian Islands Census Area (02010) into Aleutians East Borough (02013) and Aleutians West Census Area (02016)."
"* Estimates for 1991 forward separate Denali Borough (02068) from Yukon-Koyukuk Census Area (02290) and Lake and Peninsula Borough (02164) from Dillingham Census Area (02070)."
"* Estimates from 1993 forward separate Skagway-Yakutat-Angoon Census Area (02231) into Skagway-Hoonah-Angoon Census Area (02232) and Yakutat City and Borough (02282). Estimates from 2008 forward separate Skagway-Hoonah-Angoon Census Area (02232) into Skagway Municipality (02230) and Hoonah-Angoon Census Area (02105). Estimates from 2009 forward separate Wrangell-Petersburg Census Area (02280) into Petersburg Census Area and Wrangell City and Borough (02275). In addition, a part of the Prince of Wales-Outer Ketchikan Census Area (02201) was annexed by Ketchikan Gateway Borough (02130) and part (Meyers Chuck Area) was included in the new Wrangell City and Borough (02275). The remainder of the Prince of Wales-Outer Ketchikan Census Area (02201) was renamed Prince of Wales-Hyder Census Area (02198). Petersburg Borough (02195) was created from part of former Petersburg Census Area and part of Hoonah-Angoon Census Area (02105) for 2013 forward. Prince of Wales-Hyder Census Area (02198) added part of the former Petersburg Census Area beginning in 2013. For years 2009-2012, Petersburg Borough (02195) reflects the geographic boundaries of the former Petersburg Census Area."
"* Wade Hampton Census Area was renamed Kusilvak Census Area (02158) on July 1, 2015."
"* On January 2, 2019, two new county equivalents were created from the former Valdez-Cordova Census Area, Alaska (02261): Chugach Census Area (02063) and Copper River Census Area (02066). Estimates for 2020 forward reflect these changes."
"* La Paz County, AZ was separated from Yuma County on January 1, 1983. The Yuma, AZ MSA contains the area that became La Paz County, AZ through 1982 and excludes it beginning with 1983."
"* Broomfield County, CO, was created from parts of Adams, Boulder, Jefferson, and Weld counties effective November 15, 2001. Estimates for Broomfield county begin with 2002."
"* Kalawao County, Hawaii is combined with Maui County. Separate estimates for the jurisdictions making up the combination areas are not available."
"* Cibola, NM was separated from Valencia in June 1981, but in these estimates, Valencia includes Cibola through the end of 1981."
"* Shannon County, SD was renamed to Oglala Lakota County, SD on May 1, 2015."
"* Virginia combination areas consist of one or two independent cities with 1980 populations of less than 100,000 combined with an adjacent county. The county name appears first, followed by the city name(s). Separate estimates for the jurisdictions making up the combination area are not available. Bedford County, VA includes the independent city of Bedford for all years."
"* Shawano, WI and Menominee, WI are combined as Shawano (incl. Menominee), WI for the years prior to 1989."
"Metropolitan Areas are defined (geographically delineated) by the Office of Management and Budget (OMB) bulletin no. 20-01 issued March 6, 2020."
"Note. All dollar estimates are in thousands of current dollars (not adjusted for inflation). Statistics presented in thousands of dollars do not indicate more precision than statistics presented in millions of dollars."
"(NA) Not available."
"Last updated: November 16, 2021-- new statistics for 2020; revised statistics for 1998-2019."
